Timestamp,Temp,Dewpoint,Pressure,Speed,Gust,Direction,Rainfall,Rainrate,Radiation
1590730740000,61.7,58.73,29.897,0.4,1.1,50,0,0,0
1590731640000,61.3,58.34,29.894,0.9,1.1,45,0,0,0
1590731940000,61.3,58.34,29.897,1.3,2.2,48,0,0,0
1590732540000,61.2,58.24,29.9,0.7,1.1,50,0,0,0
1590733440000,61,58.04,29.891,0.9,1.1,53,0,0,0
1590734040000,60.8,57.85,29.885,1.3,2.2,52,0,0,0
1590734340000,60.6,57.65,29.891,0.9,1.1,51,0,0,0
1590734940000,60.4,57.76,29.888,0,0,49,0,0,0
1590736440000,59.7,57.07,29.879,0,0,48,0,0,0
1590736740000,59.7,57.07,29.873,0,0,46,0,0,0
1590737040000,59.7,57.37,29.879,0,0,46,0,0,0
1590737280000,59.7,57.37,29.879,0.2,1.1,46,0,0,0
1590738240000,59.7,57.37,29.87,0,0,46,0,0,0
1590739440000,59.9,57.57,29.882,0.2,1.1,51,0,0,0
1590739680000,60.1,57.46,29.879,0.7,1.1,49,0,0,0
1590740340000,60.1,57.46,29.873,0.2,1.1,49,0,0,0
1590740640000,60.3,57.66,29.862,0.9,1.1,52,0,0,0
1590741840000,60.3,57.35,29.879,0,0,49,0,0,0
1590742740000,60.1,57.15,29.873,0,0,59,0,0,0
1590743940000,60.1,57.46,29.864,0,0,62,0,0,0
1590744240000,60.1,57.46,29.864,0,0,61,0,0,0
1590744480000,60.1,57.46,29.864,0,0,60,0,0,0
1590744840000,60.3,57.35,29.862,0,0,59,0,0,0
1590745440000,60.4,57.45,29.859,0,0,52,0,0,0
1590746640000,60.6,57.65,29.864,0,0,48,0,0,0
1590747240000,60.6,57.65,29.859,0.7,1.1,49,0,0,0
1590747540000,60.6,57.65,29.859,0.7,1.1,63,0,0,0
1590748080000,60.4,57.45,29.862,0,0,68,0,0,0
1590748440000,60.4,57.45,29.864,0,0,67,0,0,0
1590749040000,60.4,57.45,29.856,0,0,66,0,0,0
1590749640000,60.6,57.65,29.853,0,0,74,0,0,0
1590749940000,60.6,57.65,29.853,0.4,1.1,74,0,0,0
1590751140000,60.6,57.34,29.847,0,0,75,0,0,0
1590751440000,60.6,57.34,29.841,0.9,1.1,78,0,0,0
1590752040000,60.6,57.34,29.844,0,0,82,0,0,0
1590753240000,60.8,57.53,29.847,0.7,1.1,83,0,0,0
1590753540000,60.8,57.53,29.847,0,0,84,0,0,0
1590754140000,60.8,57.22,29.847,0.7,1.1,75,0,0,0
1590754740000,60.8,57.53,29.856,0.7,1.1,82,0,0,0
1590755040000,60.6,57.34,29.856,0.7,1.1,83,0,0,0
1590755340000,60.6,57.34,29.847,0.9,1.1,84,0,0,0
1590755640000,60.4,56.83,29.853,0.7,2.2,65,0,0,0
1590755940000,60.3,56.41,29.85,0,0,69,0,0,0
1590756240000,60.1,55.57,29.844,1.8,2.2,77,0,0,0
1590756540000,60.1,55.57,29.841,0.9,1.1,86,0,0,0
1590756840000,59.9,55.05,29.85,1.1,1.1,87,0,0,0
1590757140000,59.5,54.98,29.85,0.7,1.1,81,0,0,0
1590757740000,59.2,54.69,29.859,2,2.2,86,0,0,2.94
1590758040000,59,54.49,29.859,0,0,87,0,0,3.79
1590758340000,59,54.49,29.862,0.7,1.1,79,0,0,2.57
1590759240000,59.2,54.69,29.862,0.7,1.1,71,0,0,9.91
1590760140000,59,54.82,29.87,0.9,1.1,84,0,0,9.91
1590760440000,59.2,55.01,29.867,1.3,2.2,81,0,0,18.6
1590760740000,59.2,55.01,29.864,0.7,1.1,80,0,0,20.8
1590761640000,59.4,54.89,29.862,0.2,1.1,73,0,0,63.24
1590761940000,59.5,54.98,29.859,0.9,1.1,78,0,0,67.16
1590763140000,60.3,55.44,29.859,1.1,1.1,73,0,0,95.42
1590763440000,60.8,55.6,29.862,1.6,2.2,78,0,0,121.36
1590764040000,61.2,55.66,29.853,0.2,1.1,86,0,0,148.27
1590765540000,63,56.38,29.853,1.3,2.2,64,0,0,194.76
1590765840000,64,56.64,29.85,0.2,1.1,56,0,0,259.35
1590766140000,65.3,56.79,29.85,0.9,1.1,64,0,0,374.71
1590766440000,66.4,57.09,29.844,1.3,2.2,51,0,0,369.57
1590766740000,67.8,57.25,29.838,0,0,64,0,0,422.06
1590767940000,66.6,57.67,29.856,2,2.2,85,0,0,140.93
1590768240000,65.7,57.18,29.847,0,0,58,0,0,99.34
1590768540000,65.5,56.99,29.847,0.7,1.1,51,0,0,494.48
1590768840000,67.1,57.76,29.844,0.9,1.1,79,0,0,520.05
1590769140000,67.6,57.85,29.838,0.7,1.1,79,0,0,510.51
1590769440000,69.1,57.67,29.847,0.4,1.1,88,0,0,467.2
1590769740000,69.8,58.34,29.841,0,0,55,0,0,514.91
1590770340000,71.1,58.29,29.841,0,0,59,0,0,502.68
1590770640000,71.4,57.69,29.844,0.9,1.1,79,0,0,526.54
1590771240000,72.9,58.65,29.838,0.4,1.1,38,0,0,601.65
1590771840000,70.7,57.91,29.844,2.5,3.4,60,0,0,413.74
1590772140000,72.3,58.54,29.844,0.9,1.1,74,0,0,680.19
1590772440000,74.3,58.55,29.838,1.8,3.4,92,0,0,721.41
1590772740000,72.1,58.8,29.844,1.6,2.2,109,0,0,742.58
1590773040000,72.5,57.81,29.844,0.9,1.1,55,0,0,695.72
1590773280000,73.9,58.18,29.844,1.1,1.1,85,0,0,651.56
1590774240000,75.6,58.78,29.838,0.9,1.1,64,0,0,679.7
1590774540000,75.2,57.91,29.838,0.9,1.1,89,0,0,452.03
1590775140000,75.7,57.86,29.829,0.9,1.1,51,0,0,260.21
1590775440000,76.1,59.74,29.835,2.5,4.5,59,0,0,596.87
1590775740000,74.7,60.34,29.838,3.1,4.5,45,0,0,631.13
1590776340000,73,59.65,29.847,1.8,3.4,350,0,0,578.16
1590777840000,75.9,60.53,29.844,2.2,3.4,52,0,0,835.92
1590778440000,74.8,60.89,29.841,3.6,4.5,5,0,0,458.03
1590778740000,74.1,60.68,29.85,3.8,4.5,15,0,0,302.78
1590779640000,76.5,60.6,29.841,2,3.4,30,0,0,864.06
1590779940000,76.1,59.74,29.835,1.6,3.4,22,0,0,894.03
1590780240000,78.4,60.87,29.841,2.2,4.5,64,0,0,942.6
1590781140000,76.3,60.42,29.838,1.3,2.2,52,0,0,749.55
1590781440000,76.5,60.6,29.832,1.8,2.2,51,0,0,907.85
1590781740000,77.7,60.73,29.832,2.7,3.4,356,0,0,891.46
1590782040000,77.4,60.45,29.832,2.9,5.8,29,0,0,882.29
1590782940000,79.5,57.48,29.832,1.6,3.4,93,0,0,917.88
1590783240000,80.1,61.4,29.82,2.7,3.4,58,0,0,231.58
1590784140000,78.8,61.25,29.82,0.4,1.1,67,0,0,878.86
1590785280000,79.9,61.74,29.814,2.7,4.5,61,0,0,875.8
1590785640000,80.2,62.02,29.811,2.2,3.4,48,0,0,842.41
1590785940000,79.7,61.56,29.811,1.6,2.2,58,0,0,825.04
1590786540000,80.2,61.49,29.808,3.6,4.5,359,0,0,886.2
1590787140000,81.1,62.32,29.805,1.8,2.2,352,0,0,882.78
1590788040000,80.6,62.39,29.797,2.2,3.4,24,0,0,877.51
1590788340000,80.1,61.93,29.802,2.5,3.4,35,0,0,885.83
1590788640000,80.1,61.93,29.808,3.8,8.1,343,0,0,918.75
1590788880000,79.9,61.74,29.802,1.1,1.1,49,0,0,907
1590789240000,78.6,61.57,29.811,4.5,6.9,352,0,0,402.98
1590789540000,78.6,61.57,29.808,2.9,4.5,26,0,0,947.86
1590789840000,79.9,61.22,29.808,2.5,3.4,46,0,0,688.38
1590790140000,77.5,61.05,29.811,3.1,5.8,49,0,0,612.04
1590790440000,77,61.56,29.811,3.8,5.8,24,0,0,238.07
1590791040000,77.9,61.42,29.805,2.7,4.5,352,0,0,265.83
1590791340000,76.5,60.6,29.808,5.4,8.1,19,0,0,945.66
1590791640000,78.1,61.1,29.802,2.5,3.4,41,0,0,950.92
1590792240000,78.4,61.38,29.805,5.4,8.1,354,0,0,863.69
1590792540000,77.7,61.23,29.808,2.9,4.5,34,0,0,578.16
1590793440000,77.5,60.55,29.811,1.3,2.2,33,0,0,307.92
1590794040000,77.5,60.55,29.802,2.2,2.2,69,0,0,279.29
1590794340000,77.2,60.77,29.805,0.9,2.2,82,0,0,859.29
1590795540000,79.3,56.7,29.802,5.8,9.2,124,0,0,736.09
1590796440000,76.6,55.99,29.797,2.7,3.4,164,0,0,756.04
1590797040000,75.9,55.91,29.802,5.6,9.2,110,0,0,665.02
1590797340000,75.2,55.81,29.799,8.7,12.5,92,0,0,603.36
1590798540000,75.9,55.91,29.805,0.9,2.2,75,0,0,479.31
1590798840000,75.9,56.46,29.808,2,3.4,75,0,0,462.43
1590799140000,75.4,56.53,29.802,3.8,5.8,98,0,0,442
1590799440000,74.1,55.86,29.805,3.8,4.5,98,0,0,392.94
1590799740000,74.1,56.38,29.802,0.7,1.1,62,0,0,321.01
1590801840000,74.1,55.33,29.808,2.5,3.4,83,0,0,245.9
1590803340000,71.6,54.56,29.817,1.3,2.2,128,0,0,184.73
1590803640000,71.4,54.87,29.817,2.2,3.4,105,0,0,168.7
1590804240000,70.2,54.72,29.805,3.4,5.8,101,0,0,118.42
1590804540000,69.8,55.28,29.808,2.2,3.4,93,0,0,87.59
1590804840000,70.2,54.24,29.808,2,2.2,79,0,0,92.73
1590805440000,69.6,54.16,29.805,4.9,6.9,86,0,0,68.87
1590805740000,68.7,54.24,29.808,4,4.5,138,0,0,51.14
1590806340000,67.6,54.55,29.811,1.3,2.2,78,0,0,24.22
1590806640000,67.1,54.51,29.811,3.8,5.8,88,0,0,19.08
1590807540000,65.7,53.61,29.832,4.5,6.9,207,0,0,11.25
1590807840000,65.5,53.42,29.829,0.9,1.1,88,0,0,9.05
1590808140000,64.9,53.26,29.826,1.3,2.2,88,0,0,5.99
1590808440000,64.6,53.79,29.832,1.8,3.4,81,0,0,3.79
1590808740000,64.2,53.41,29.841,1.3,2.2,106,0,0,2.08
1590809040000,63.9,53.52,29.841,1.1,1.1,89,0,0,0.85
1590809340000,63.7,53.33,29.841,2.2,3.4,79,0,0,0
1590809940000,63.3,53.34,29.847,2.2,3.4,110,0,0,0
1590810240000,63.3,52.95,29.847,5.8,8.1,125,0,0,0
1590810840000,63.1,52.76,29.856,3.8,5.8,84,0,0,0
1590811440000,63.3,52.95,29.859,2.2,3.4,109,0,0,0
1590811740000,63.1,52.76,29.864,2,2.2,132,0,0,0
1590813540000,62.6,53.06,29.867,2,3.4,78,0,0,0
1590814140000,62.8,53.25,29.867,0.4,1.1,81,0,0,0
1590814440000,62.8,52.87,29.873,3.8,4.5,107,0,0,0
1590815040000,63,53.06,29.862,0.4,1.1,89,0,0,0
1590815340000,62.8,53.25,29.862,0.7,1.1,84,0,0,0
1590815640000,63,53.06,29.859,0.7,1.1,87,0,0,0
1590816240000,63,53.06,29.867,0,0,83,0,0,0
1590816540000,62.8,52.87,29.873,0.7,1.1,85,0,0,0
1590817140000,63,53.06,29.876,0.9,2.2,83,0,0,0
1590817440000,63,53.44,29.876,1.1,1.1,81,0,0,0
1590818040000,62.8,53.25,29.873,0.7,1.1,84,0,0,0
1590818340000,62.8,53.25,29.873,0.4,1.1,87,0,0,0
1590818640000,62.8,53.25,29.873,0.9,1.1,87,0,0,0
1590819540000,62.6,53.06,29.87,0.4,1.1,83,0,0,0
1590819840000,62.6,53.06,29.876,0,0,84,0,0,0
1590820140000,62.2,53.06,29.876,0,0,84,0,0,0
1590820740000,62.6,53.06,29.87,0.7,1.1,83,0,0,0
1590821040000,62.6,53.06,29.876,0,0,84,0,0,0
1590821640000,62.8,52.87,29.87,0,0,81,0,0,0
1590822240000,62.8,52.47,29.87,0.2,1.1,84,0,0,0
1590822540000,62.8,52.47,29.867,2.7,3.4,86,0,0,0
1590823140000,62.8,52.47,29.873,2.2,3.4,89,0,0,0
1590823440000,62.8,52.08,29.864,2.9,4.5,103,0,0,0
1590823740000,63.1,52.76,29.876,0,0,76,0,0,0
1590824340000,63,53.44,29.864,0.9,1.1,85,0,0,0
1590824640000,63,53.06,29.864,0.4,2.2,121,0,0,0
1590824940000,63,53.44,29.859,0.7,1.1,81,0,0,0
1590825240000,63,53.44,29.859,1.3,2.2,85,0,0,0
1590825540000,63.1,52.76,29.856,2.5,5.8,109,0,0,0
1590825840000,63.1,53.54,29.856,2.2,3.4,74,0,0,0
1590826140000,63,53.83,29.864,3.4,5.8,88,0,0,0
1590826440000,62.8,54.01,29.85,2.2,3.4,82,0,0,0
1590827340000,62.6,53.82,29.859,2.5,3.4,96,0,0,0
1590828840000,62.6,53.44,29.859,1.6,2.2,99,0,0,0
1590829140000,62.6,53.82,29.853,1.3,2.2,76,0,0,0
1590829440000,62.4,53.63,29.853,1.3,2.2,83,0,0,0
1590830040000,62.6,53.44,29.859,2.5,4.5,91,0,0,0
1590830340000,62.4,53.25,29.853,1.3,2.2,87,0,0,0
1590831240000,62.2,53.81,29.85,2.9,3.4,74,0,0,0
1590831540000,62.2,53.81,29.85,3.4,5.8,95,0,0,0
1590832140000,61.9,53.52,29.847,3.1,3.4,98,0,0,0
1590832440000,61.9,53.15,29.847,2.7,3.4,109,0,0,0
1590832740000,61.9,53.15,29.847,2,3.4,104,0,0,0
1590833340000,62.2,52.68,29.832,3.8,4.5,135,0,0,0
1590834240000,63,52.66,29.856,3.8,4.5,88,0,0,0
1590834540000,63.1,52.36,29.864,2.2,2.2,133,0,0,0
1590834840000,63.1,52.36,29.85,2.2,3.4,62,0,0,0
1590835140000,63.1,52.36,29.838,4.5,4.5,102,0,0,0
1590836040000,62.1,53.34,29.838,1.8,2.2,86,0,0,0
1590836340000,62.1,53.34,29.838,5.1,5.8,90,0,0,0
1590836640000,62.1,52.96,29.85,3.8,5.8,92,0,0,0
1590837240000,61.9,52.77,29.844,0.9,1.1,54,0,0,0
1590837840000,61.9,52.77,29.847,1.3,2.2,83,0,0,0
1590838440000,61.9,53.15,29.856,2,3.4,90,0,0,0
1590839940000,62.1,53.34,29.859,1.1,2.2,88,0,0,0
1590840240000,62.2,53.43,29.862,2,3.4,79,0,0,0
1590840540000,62.4,53.63,29.867,2.5,3.4,102,0,0,0
1590841440000,62.4,54.37,29.87,1.3,2.2,88,0,0,0
1590841740000,62.4,54.37,29.87,2.2,2.2,84,0,0,0
1590842640000,62.6,53.44,29.87,3.4,5.8,97,0,0,0
1590842940000,62.6,53.44,29.87,1.3,2.2,82,0,0,0
1590843240000,62.8,53.63,29.87,2.2,3.4,85,0,0,0
1590843540000,62.6,53.82,29.882,1.1,2.2,86,0,0,0
1590843840000,62.6,54.19,29.873,1.8,3.4,86,0,0,1.71
1590844140000,62.4,54,29.879,0,0,78,0,0,3.43
1590844440000,62.4,54,29.876,0.7,1.1,78,0,0,4.28
1590844740000,62.6,54.19,29.882,0.9,1.1,81,0,0,5.63
1590848640000,63,54.2,29.888,4.7,5.8,88,0,0,36.82
1590848940000,63,53.83,29.888,2.5,3.4,93,0,0,55.41
1590849540000,63.1,53.92,29.891,2.9,3.4,84,0,0,46.73
1590849840000,63.3,54.49,29.891,0,0,82,0,0,39.02
1590850140000,63.3,54.11,29.897,1.3,2.2,83,0,0,45.02
1590850440000,63.5,54.31,29.891,1.8,2.2,80,0,0,74.14
1590851340000,64.8,53.98,29.897,2.2,3.4,86,0,0,229.01
1590852240000,66.7,54.55,29.897,2.7,5.8,65,0,0,210.78
1590852540000,65.7,54.44,29.894,2.5,3.4,104,0,0,207.36
1590852840000,65.7,54.44,29.894,3.8,5.8,65,0,0,222.04
1590853140000,66,54.31,29.888,1.3,2.2,77,0,0,208.22
1590853440000,66.6,54.46,29.891,3.6,5.8,78,0,0,179.95
1590854640000,69.6,55.99,29.897,1.1,2.2,77,0,0,254.21
1590854940000,68.2,55.11,29.891,2.2,3.4,93,0,0,209.44
1590855540000,66.6,54.88,29.894,5.8,6.9,48,0,0,202.95
1590855840000,66.6,55.29,29.894,1.6,3.4,62,0,0,212.98
1590856140000,66.7,55.39,29.897,1.8,2.2,88,0,0,207.36
1590856740000,67.5,55.73,29.9,2.2,3.4,79,0,0,290.54
1590857940000,69.8,56.18,29.873,2.2,3.4,65,0,0,687.16
1590858540000,70.2,57,29.885,2.2,3.4,81,0,0,738.78
1590859440000,70.3,56.2,29.882,1.8,2.2,78,0,0,307.06
1590860340000,69.3,55.71,29.888,4,5.8,90,0,0,245.04
1590860640000,69.8,55.73,29.882,2.5,3.4,52,0,0,292.75
1590860940000,69.8,56.18,29.882,1.3,2.2,86,0,0,266.32
1590861240000,69.8,55.73,29.882,1.8,2.2,87,0,0,274.52
1590861540000,70.7,56.12,29.885,1.1,1.1,78,0,0,302.29
1590861840000,70.3,56.2,29.885,4.9,5.8,95,0,0,327.49
1590862140000,70.3,56.2,29.879,1.8,2.2,106,0,0,260.69
1590862740000,70.7,56.58,29.882,2.2,3.4,86,0,0,308.78
1590863040000,71.2,55.65,29.885,2.5,3.4,149,0,0,341.81
1590863340000,71.2,55.65,29.885,1.8,2.2,77,0,0,396.49
1590863640000,71.4,55.84,29.885,2.5,3.4,106,0,0,330.92
1590863940000,71.4,55.84,29.876,5.1,6.9,101,0,0,271.46
1590864240000,70.7,55.66,29.882,0.7,1.1,79,0,0,266.69
1590864540000,71.2,56.13,29.885,1.8,2.2,77,0,0,302.29
1590864840000,71.2,55.17,29.882,1.3,2.2,317,0,0,220.69
1590865140000,71.1,56.03,29.885,0.7,1.1,81,0,0,131.88
1590865440000,68.5,59.88,29.894,1.3,2.2,97,0.031,0.189,149.12
1590865740000,65.8,59.8,29.897,4.7,5.8,224,0.051,0.307,280.15
1590866040000,65.3,60,29.894,2.2,3.4,202,0.051,0.118,244.67
1590867240000,67.5,60.75,29.888,0.9,1.1,87,0.063,0,392.57
1590867540000,68,61.24,29.885,1.1,1.1,80,0.063,0,368.23
1590867840000,68,60.51,29.888,0.9,1.1,158,0.063,0,281
1590869340000,71.4,60.69,29.879,2,2.2,63,0.063,0,877.15
1590869640000,70.5,59.83,29.87,1.3,2.2,77,0.063,0,879.23
1590869940000,71.1,58.72,29.873,3.4,4.5,133,0.063,0,867.97
1590870240000,71.1,58.72,29.882,3.4,5.8,94,0.063,0,856.35
1590871140000,72.5,57.81,29.888,4.3,6.9,87,0.063,0,652.79
1590871440000,73,57.81,29.897,1.8,3.4,48,0.063,0,325.29
1590871740000,71.6,56.97,29.885,3.4,4.5,117,0.063,0,249.44
1590872340000,70.9,56.77,29.891,0.9,2.2,82,0.063,0,330.55
1590872640000,71.8,57.61,29.885,2.2,3.4,64,0.063,0,967.8
1590872940000,72.1,57.9,29.894,2.9,4.5,205,0.063,0,330.06
1590874140000,71.6,57.88,29.885,0.9,1.1,180,0.063,0,775.61
1590874440000,71.2,57.05,29.891,4.3,8.1,167,0.063,0,1046.71
1590875340000,73.9,58.65,29.891,1.8,2.2,81,0.063,0,1031.54
1590876240000,72,55.92,29.897,5.8,8.1,200,0.063,0,831.15
1590876540000,72,55.92,29.894,1.8,3.4,126,0.063,0,1016.37
1590877140000,73.6,55.91,29.894,3.4,5.8,70,0.063,0,427.2
1590877440000,72.1,55.03,29.891,3.8,4.5,254,0.063,0,275.01
1590878040000,70.9,55.37,29.897,2.5,4.5,83,0.063,0,256.78
1590878340000,70.2,55.65,29.9,0.4,1.1,82,0.063,0,265.47
1590878640000,70,55.46,29.894,4.3,5.8,70,0.063,0,223.75
1590879240000,68.9,55.78,29.897,2.5,4.5,60,0.063,0,244.18
1590879540000,68.9,55.78,29.897,4.7,6.9,198,0.063,0,183.87
1590879840000,68.4,55.3,29.9,1.8,2.2,142,0.063,0,140.07
1590880740000,68.9,55.78,29.897,1.8,2.2,94,0.063,0,298.86
1590881340000,70.2,56.11,29.891,1.1,1.1,91,0.063,0,435.03
1590881940000,70.7,56.12,29.885,2.2,3.4,82,0.063,0,390.37
1590882240000,70.5,55.47,29.894,1.8,2.2,156,0.063,0,425.97
1590882840000,69.8,55.28,29.885,2.5,3.4,127,0.063,0,614.25
1590883140000,70,55.92,29.894,1.6,2.2,80,0.063,0,363.09
1590884340000,71.4,55.84,29.885,1.3,2.2,75,0.063,0,582.57
1590884640000,71.1,56.03,29.888,1.8,3.4,84,0.063,0,531.3
1590885240000,71.1,56.03,29.891,2.2,3.4,198,0.063,0,480.66
1590885540000,70.7,55.66,29.891,1.6,2.2,71,0.063,0,444.2
1590886740000,70.9,56.31,29.882,2.5,4.5,76,0.063,0,330.92
1590887340000,71.8,55.73,29.882,0.9,1.1,71,0.063,0,304.49
1590887940000,71.6,55.55,29.882,3.4,4.5,110,0.063,0,268.03
1590888840000,70.5,55.47,29.891,2.2,3.4,80,0.063,0,211.15
1590889140000,70.5,55.47,29.879,1.1,1.1,69,0.063,0,198.67
1590890340000,69.6,55.09,29.879,0,0,74,0.063,0,94.56
1590890640000,69.4,55.36,29.885,2.5,3.4,88,0.063,0,112.3
1590890940000,68.5,54.96,29.888,1.6,2.2,70,0.063,0,100.56
1590891840000,68.4,55.3,29.891,0.7,1.1,67,0.063,0,63.73
1590892740000,66.6,55.29,29.891,0.9,1.1,74,0.063,0,28.63
1590893340000,65.7,54.44,29.891,0,0,81,0.063,0,22.87
1590894840000,64.8,53.98,29.897,0.9,1.1,121,0.063,0,5.99
1590895140000,64.4,53.6,29.9,1.3,2.2,84,0.063,0,2.94
1590895440000,64.2,53.81,29.909,1.3,2.2,89,0.063,0,1.22
1590895740000,63.9,53.52,29.906,0,0,83,0.063,0,0
1590896340000,63.7,53.73,29.918,0.7,1.1,85,0.063,0,0
1590896940000,63.5,53.54,29.915,1.1,2.2,105,0.063,0,0
1590897240000,63.7,53.73,29.915,0,0,85,0.063,0,0
1590897540000,63.5,53.92,29.926,0.9,1.1,84,0.063,0,0
1590898140000,63,54.2,29.926,1.1,1.1,78,0.063,0,0
1590898440000,62.8,54.01,29.924,0.9,1.1,130,0.063,0,0
1590898740000,62.6,53.82,29.921,0,0,60,0.063,0,0
1590899040000,62.2,53.81,29.926,0,0,72,0.063,0,0
1590899340000,62.1,53.71,29.929,0,0,72,0.063,0,0
1590900540000,61.5,54.22,29.938,1.1,2.2,83,0.063,0,0
1590900840000,61.3,54.38,29.932,0.9,1.1,83,0.063,0,0
1590901140000,61.2,54.28,29.932,1.1,1.1,78,0.063,0,0
1590902340000,61,54.09,29.935,0.7,1.1,90,0.063,0,0
1590902640000,60.8,54.24,29.935,0.4,1.1,86,0.063,0,0
1590902940000,60.6,54.05,29.935,0,0,84,0.063,0,0
1590903840000,59.9,54.05,29.944,0,0,83,0.063,0,0
1590904440000,60.1,53.91,29.938,0,0,82,0.063,0,0
1590905340000,59,53.51,29.944,0,0,84,0.063,0,0
1590905640000,58.8,53.65,29.941,0,0,84,0.063,0,0
1590905940000,58.3,53.48,29.947,0,0,84,0.063,0,0
1590906240000,57.7,53.86,29.944,0,0,84,0.063,0,0
1590906840000,57.9,53.42,29.938,0,0,83,0.063,0,0
1590907140000,57.7,53.54,29.944,0,0,83,0.063,0,0
1590908940000,57,53.17,29.944,0,0,83,0,0,0
1590909540000,57.6,53.44,29.938,0,0,83,0,0,0
1590909840000,57.4,53.25,29.935,0,0,83,0,0,0
1590910140000,57.4,53.56,29.935,0,0,83,0,0,0
1590910740000,57.4,53.25,29.935,0,0,83,0,0,0
1590911340000,57.9,53.42,29.938,0,0,83,0,0,0
1590912540000,58.1,53.29,29.941,0,0,63,0,0,0
1590913140000,57.7,53.22,29.944,0,0,63,0,0,0
1590913740000,57.4,53.25,29.941,0,0,63,0,0,0
1590914640000,57.4,53.25,29.95,0,0,63,0,0,0
1590914940000,57.7,53.22,29.947,0,0,63,0,0,0
1590915240000,57.6,53.44,29.944,0,0,63,0,0,0
1590915540000,57.7,53.54,29.941,0,0,63,0,0,0
1590915840000,57.6,53.44,29.938,0,0,63,0,0,0
1590916140000,57.6,53.44,29.938,0,0,63,0,0,0
1590916440000,57.7,53.22,29.938,0,0,63,0,0,0
1590916740000,57.9,53.42,29.929,0.2,1.1,68,0,0,0
1590917040000,58.8,54.94,29.935,0.2,1.1,63,0,0,0
1590917340000,59.5,55.31,29.935,1.6,2.2,43,0,0,0
1590917640000,59.9,55.7,29.932,1.6,2.2,39,0,0,0
1590917940000,60.1,55.57,29.935,0.7,1.1,46,0,0,0
1590918240000,60.1,55.57,29.935,0,0,53,0,0,0
1590919140000,60.1,55.57,29.926,0,0,50,0,0,0
1590919440000,59.9,55.38,29.926,0.9,1.1,48,0,0,0
1590919740000,59.9,55.38,29.921,0.9,1.1,45,0,0,0
1590920040000,59.9,55.38,29.924,0.7,1.1,45,0,0,0
1590920940000,59.9,55.7,29.932,0,0,48,0,0,0
1590921540000,59.9,55.7,29.926,0,0,54,0,0,0
1590922140000,59.9,55.7,29.924,0,0,50,0,0,0
1590922440000,59.7,55.5,29.921,0,0,50,0,0,0
1590922740000,59.7,55.5,29.921,0,0,50,0,0,0
1590923040000,59.7,55.5,29.924,0,0,49,0,0,0
1590923340000,59.4,54.89,29.921,0,0,49,0,0,0
1590923640000,59.4,54.89,29.924,0,0,49,0,0,0
1590923940000,59.4,54.89,29.924,0,0,49,0,0,0
1590924240000,59.4,54.56,29.926,0,0,49,0,0,0
1590924540000,59.4,54.56,29.918,0,0,49,0,0,0
1590924840000,59.4,54.23,29.924,0.2,1.1,49,0,0,0
1590925140000,59.5,54.33,29.924,0,0,50,0,0,0
1590925440000,59.5,54.33,29.926,0,0,82,0,0,0
1590926040000,59.4,54.23,29.921,0,0,81,0,0,0
1590926340000,59.4,54.23,29.926,0,0,81,0,0,0
1590926640000,59.4,54.56,29.918,0,0,81,0,0,0
1590927240000,59.4,54.56,29.921,0,0,81,0,0,0
1590927840000,59.5,54.66,29.915,1.1,1.1,88,0,0,0
1590928440000,59.2,54.69,29.924,0,0,85,0,0,0
1590929040000,59.2,54.69,29.921,0,0,79,0,0,0
1590929640000,59,54.82,29.926,0,0,78,0,0,2.57
1590929940000,59,54.82,29.921,0,0,55,0,0,5.63
1590930540000,59.2,55.01,29.924,0,0,51,0,0,9.91
1590930840000,59.4,55.21,29.924,1.8,2.2,43,0,0,15.17
1590931260000,59.5,54.98,29.938,0,0,42,0,0,17.25
1590931500000,59.9,55.38,29.947,0.7,1.1,42,0,0,19.94
1590931800000,60.1,55.25,29.941,0,0,42,0,0,24.71
1590932100000,60.3,55.44,29.941,0,0,42,0,0,27.28
1590932400000,60.4,55.54,29.938,0,0,39,0,0,29.85
1590932700000,60.4,55.21,29.947,0,0,39,0,0,30.7
1590933000000,60.6,55.41,29.947,0,0,39,0,0,33.39
1590933300000,60.8,55.6,29.947,0.2,1.1,38,0,0,24.71
1590933600000,60.8,55.6,29.947,0,0,37,0,0,26.79
1590934200000,60.8,55.6,29.956,0,0,37,0,0,25.94
1590934500000,60.8,55.27,29.959,0,0,37,0,0,38.17
1590935100000,60.8,55.6,29.959,0,0,36,0,0,30.7
1590935400000,60.8,55.6,29.962,1.1,2.2,35,0,0,37.19
1590935700000,60.6,55.41,29.962,0.7,1.1,35,0,0,35.48
1590936300000,60.6,54.73,29.965,0,0,36,0,0,35.48
1590936600000,60.6,55.07,29.971,0,0,36,0,0,37.68
1590937500000,61,55.46,29.974,0,0,36,0,0,64.1
1590939000000,61.5,55.27,29.968,0,0,34,0,0,110.1
1590939900000,61.9,55.31,29.977,0,0,33,0,0,89.79
1590940200000,61.7,55.46,29.98,0,0,33,0,0,87.59
1590940500000,61.9,55.31,29.98,0.7,1.1,33,0,0,81.97
1590940800000,61.9,55.31,29.98,0,0,32,0,0,86.24
1590941100000,61.7,55.46,29.977,0,0,32,0,0,88.45
1590941400000,62.1,55.85,29.98,0.2,1.1,32,0,0,90.65
1590942000000,62.1,55.85,29.977,0,0,32,0,0,112.3
1590942300000,61.9,55.66,29.98,0,0,32,0,0,127.47
1590942600000,62.2,55.6,29.98,0.9,1.1,33,0,0,140.07
1590942900000,62.2,55.6,29.974,0.7,1.1,33,0,0,166.5
1590943200000,63,56.03,29.974,0.7,1.1,33,0,0,205.15
1590943500000,63.3,56.32,29.974,1.8,2.2,52,0,0,241.98
1590943800000,63.3,55.96,29.98,0.7,1.1,56,0,0,248.46
1590944100000,63.9,56.18,29.974,0.4,1.1,59,0,0,262.41
1590944400000,64.2,56.47,29.974,2.2,2.2,61,0,0,290.18
1590945000000,64.9,56.41,29.971,1.3,2.2,44,0,0,516.13
1590945300000,66.7,56.99,29.968,1.1,1.1,47,0,0,510.14
1590945600000,66.9,57.18,29.965,0.2,1.1,46,0,0,430.25
1590946200000,66.7,56.6,29.971,0.9,1.1,49,0,0,428.54
1590946500000,66.4,56.7,29.968,0,0,55,0,0,422.42
1590946800000,67.1,56.98,29.974,0.7,1.1,53,0,0,360.03
1590947400000,68,57.44,29.974,1.3,2.2,36,0,0,202.1
1590947700000,66.7,56.6,29.968,0,0,53,0,0,167.36
1590948000000,66,56.71,29.971,2,2.2,34,0,0,146.56
1590948300000,65.1,56.6,29.977,0.7,1.1,52,0,0,129.68
1590948900000,65.1,56.6,29.974,0,0,64,0,0,153.9
1590949200000,65.7,56.8,29.971,0.7,1.1,46,0,0,150.96
1590949500000,65.1,56.97,29.974,0.2,1.1,63,0,0,146.56
1590949800000,65.3,56.42,29.977,0.9,1.1,42,0,0,172.61
1590950100000,65.3,56.42,29.977,0.9,1.1,50,0,0,198.18
1590950400000,64.9,56.03,29.971,0,0,56,0,0,221.67
1590950700000,65.7,56.42,29.974,1.6,2.2,51,0,0,285.78
1590951000000,66,56.71,29.977,2.5,3.4,40,0,0,391.72
1590951600000,67.1,56.58,29.974,1.8,2.2,31,0,0,426.83
1590951900000,66.7,56.6,29.974,2.9,4.5,31,0,0,372.64
1590953400000,68.2,57.23,29.977,1.3,2.2,25,0,0,317.46
1590953700000,67.5,56.56,29.977,0.7,1.1,57,0,0,294.46
1590954000000,67.6,57.06,29.965,2,2.2,18,0,0,255.44
1590954300000,67.5,56.96,29.974,2.5,3.4,17,0,0,280.15
1590954600000,67.5,56.96,29.971,0,0,87,0,0,246.39
1590954900000,67.5,56.56,29.968,0.9,1.1,29,0,0,434.17
1590955200000,69.4,57.54,29.962,0,0,50,0,0,669.3
1590955500000,69.4,57.11,29.962,6,8.1,224,0,0,474.54
1590955800000,68.4,57.01,29.959,1.8,2.2,48,0,0,667.96
1590956100000,68.7,56.87,29.965,0.2,1.1,38,0,0,461.94
1590957600000,70,57.25,29.959,1.3,2.2,33,0,0,676.64
1590958200000,70,57.25,29.962,0.9,1.1,11,0,0,562.13
1590959100000,70.9,57.66,29.953,1.1,1.1,55,0,0,452.4
1590959700000,71.8,58.51,29.956,0.9,1.1,58,0,0,606.79
1590960000000,71.4,58.14,29.959,1.6,2.2,45,0,0,569.96
1590960300000,70.9,58.1,29.953,0.9,1.1,27,0,0,651.07
1590960900000,71.8,58.95,29.956,0.7,1.1,57,0,0,487.14
1590961500000,71.4,58.58,29.953,1.6,2.2,57,0,0,667.58
1590961800000,73.2,58.93,29.953,1.8,3.4,62,0,0,773.9
1590962400000,72.1,58.8,29.95,2.9,4.5,64,0,0,627.7
1590962700000,72,58.7,29.95,2.7,3.4,42,0,0,651.07
1590963600000,72.1,58.35,29.944,1.3,2.2,28,0,0,628.07
1590964200000,71.4,58.14,29.941,1.3,2.2,51,0,0,475.89
1590964500000,71.8,58.07,29.938,2.2,3.4,345,0,0,425.49
1590964800000,71.6,57.88,29.944,4.9,8.1,335,0,0,452.89
1590965100000,70.7,57.91,29.938,0.9,1.1,51,0,0,487.51
1590965400000,71.2,57.5,29.944,3.8,5.8,353,0,0,566.54
1590965700000,71.8,58.07,29.947,0,0,56,0,0,515.28
1590966300000,70.5,57.72,29.941,2.7,3.4,347,0,0,549.53
1590967200000,71.4,57.69,29.938,2.9,4.5,268,0,0,612.04
1590967500000,71.1,58.29,29.938,2.5,3.4,337,0,0,516.62
1590967800000,70.5,57.72,29.935,1.8,2.2,48,0,0,380.83
1590968400000,70,57.25,29.932,1.1,2.2,276,0,0,310.98
1590968700000,69.4,57.54,29.935,3.8,4.5,5,0,0,305.35
1590969000000,68.9,57.48,29.935,1.8,3.4,356,0,0,280.64
1590969300000,68.9,57.48,29.935,2.9,3.4,18,0,0,304
1590969900000,68.9,57.48,29.929,1.8,4.5,61,0,0,240.27
1590970200000,69.1,56.83,29.929,1.3,2.2,52,0,0,271.1
1590970800000,69.3,57.02,29.932,2.9,3.4,26,0,0,267.55
1590971400000,69.4,56.25,29.926,2.5,3.4,224,0,0,331.4
1590971700000,70.2,57,29.929,0.7,1.1,56,0,0,374.35
1590972300000,69.8,56.62,29.921,2.9,3.4,37,0,0,261.07
1590972600000,69.8,56.62,29.924,0,0,50,0,0,360.03
1590973200000,70.9,56.77,29.921,2.2,3.4,34,0,0,468.91
1590974400000,71.4,57.69,29.918,1.3,2.2,39,0,0,367.86
1590974700000,70.7,57.03,29.918,2.5,4.5,28,0,0,341.81
1590975000000,70.5,57.29,29.912,2,3.4,63,0,0,288.47
1590975300000,70.5,57.29,29.912,0.9,1.1,58,0,0,290.54
1590975600000,70.9,56.77,29.918,2.2,3.4,52,0,0,178.24
1590975900000,70.2,57,29.924,5.8,6.9,2,0,0,144.85
1590976500000,69.3,57.02,29.918,2.2,2.2,45,0,0,156.59
1590976800000,68.7,56.45,29.912,1.3,2.2,44,0,0,139.22
1590977100000,68.4,57.01,29.909,4,5.8,5,0,0,114.51
1590977400000,68,56.62,29.915,2.7,4.5,61,0,0,117.44
1590977700000,67.3,56.37,29.909,2.5,4.5,269,0,0,109.73
1590978000000,67.5,56.56,29.912,1.3,2.2,41,0,0,80.25
1590978300000,66.6,56.1,29.915,2,2.2,41,0,0,68.02
1590978600000,66.2,56.12,29.915,2.9,4.5,36,0,0,66.8
1590979200000,65.5,55.45,29.924,2.2,3.4,11,0,0,35.48
1590979500000,64.8,55.17,29.924,4,5.8,21,0,0,32.9
1590979800000,64.6,54.98,29.926,2.5,3.4,25,0,0,29.48
1590980100000,64.2,54.59,29.924,3.4,4.5,15,0,0,25.07
1590981300000,63.3,54.87,29.921,2.7,3.4,25,0,0,5.99
1590981600000,63.1,55.04,29.921,1.8,2.2,52,0,0,2.08
1590981900000,62.8,55.12,29.921,1.3,2.2,46,0,0,0.36
1590982200000,62.6,55.28,29.921,2,3.4,22,0,0,0
1590982500000,62.2,55.25,29.918,0.4,1.1,53,0,0,0
1590982800000,61.9,55.31,29.926,1.3,2.2,41,0,0,0
1590983100000,61.9,55.31,29.929,0.2,1.1,48,0,0,0
1590983700000,61.5,54.92,29.926,3.1,5.8,18,0,0,0
1590984600000,61.2,54.63,29.932,0.4,1.1,57,0,0,0
1590984900000,61,54.78,29.947,1.1,2.2,35,0,0,0
1590985200000,60.8,54.59,29.935,1.6,2.2,45,0,0,0
1590986100000,60.6,54.39,29.941,0,0,53,0,0,0
1590986400000,60.4,53.85,29.935,1.6,2.2,18,0,0,0
1590986700000,60.3,53.76,29.941,0.9,2.2,38,0,0,0
1590987300000,60.1,53.56,29.95,0.9,1.1,41,0,0,0
1590987600000,59.9,53.37,29.95,1.8,3.4,0,0,0,0
1590989400000,59.4,52.54,29.959,0.2,1.1,64,0,0,0
1590989700000,59.4,52.54,29.953,1.8,3.4,43,0,0,0
1590990000000,59.4,52.54,29.959,2.7,3.4,32,0,0,0
1590990600000,59,52.49,29.959,0,0,48,0,0,0
1590990900000,59,52.49,29.956,0,0,47,0,0,0
1590991200000,58.8,52.3,29.962,0,0,45,0,0,0
1590991800000,58.8,52.3,29.968,0.4,1.1,44,0,0,0
1590992100000,58.8,52.3,29.956,0.9,1.1,43,0,0,0
1590992400000,59,52.15,29.962,0.2,1.1,43,0,0,0
1590992700000,59,51.8,29.962,0.2,1.1,43,0,0,0
1590993000000,59.2,51.99,29.959,0.2,1.1,43,0,0,0
1590993300000,59.2,51.99,29.959,0.7,1.1,43,0,0,0
1590994200000,59.2,51.99,29.962,0.4,1.1,39,0,0,0
1590994500000,59.2,51.99,29.956,0.2,1.1,39,0,0,0
1590995100000,59.2,51.99,29.956,0.2,1.1,38,0,0,0
1590995700000,59,51.8,29.959,0,0,37,0,0,0
1590996600000,59.2,51.64,29.959,0,0,37,0,0,0
1590997200000,59.2,51.64,29.95,0,0,37,0,0,0
1590997500000,59.2,51.64,29.947,0.2,1.1,37,0,0,0
1590998100000,59.2,50.92,29.95,0.4,1.1,37,0,0,0
1590998400000,59.4,51.47,29.953,0,0,37,0,0,0
1590999300000,59.5,50.46,29.95,0,0,37,0,0,0
1590999900000,59.7,50.66,29.95,0,0,37,0,0,0
1591000800000,59.9,50.85,29.95,0,0,37,0,0,0
1591001100000,59.9,50.85,29.95,0,0,37,0,0,0
1591001400000,59.9,50.85,29.95,0.7,1.1,36,0,0,0
1591001700000,59.9,50.85,29.944,0,0,36,0,0,0
1591002000000,59.7,50.66,29.947,0,0,36,0,0,0
1591002600000,59.7,50.66,29.944,0.7,1.1,36,0,0,0
1591002900000,59.7,50.66,29.947,0,0,36,0,0,0
1591003800000,59.7,50.66,29.95,0,0,36,0,0,0
1591004100000,59.7,50.66,29.941,0,0,36,0,0,0
1591004700000,59.7,50.66,29.944,0.7,1.1,36,0,0,0
1591005000000,59.7,50.66,29.935,1.1,2.2,36,0,0,0
1591005600000,59.7,51.03,29.944,0,0,34,0,0,0
1591006500000,59.5,52.63,29.947,1.1,1.1,56,0,0,0
1591007100000,59.5,51.57,29.947,0,0,53,0,0,0
1591007400000,59.5,51.2,29.95,0.7,1.1,48,0,0,0
1591008300000,59.5,52.63,29.95,0,0,48,0,0,0
1591008600000,59.4,52.54,29.947,0,0,48,0,0,0
1591009200000,59.2,52.69,29.95,0,0,48,0,0,0
1591009500000,59.2,52.69,29.947,0,0,47,0,0,0
1591009800000,59.2,52.69,29.944,0.9,1.1,47,0,0,0
1591010400000,59,52.49,29.944,0,0,47,0,0,0
1591010700000,58.8,52.3,29.944,0,0,47,0,0,0
1591011000000,58.8,52.3,29.947,0,0,47,0,0,0
1591011600000,58.8,52.64,29.947,0,0,47,0,0,0
1591011900000,58.8,52.64,29.95,0,0,47,0,0,0
1591012200000,58.8,52.98,29.947,0,0,47,0,0,0
1591012500000,58.8,52.64,29.947,0,0,47,0,0,0
1591012800000,58.6,52.79,29.95,0,0,47,0,0,0
1591014300000,58.5,52.69,29.953,0,0,48,0,0,0
1591014600000,58.5,52.69,29.947,0,0,48,0,0,0
1591014900000,58.5,52.69,29.956,0,0,48,0,0,0
1591015200000,58.6,52.79,29.962,0,0,48,0,0,0
1591015500000,58.8,52.64,29.962,0,0,48,0,0,0
1591015800000,58.8,52.64,29.956,0,0,48,0,0,0.36
1591016100000,58.8,52.64,29.956,0,0,48,0,0,2.08
1591016400000,58.6,52.45,29.959,0,0,48,0,0,4.77
1591016700000,58.6,52.79,29.959,0,0,48,0,0,5.63
1591017300000,58.6,53.45,29.962,0.4,1.1,48,0,0,11.25
1591017600000,58.8,53.65,29.962,0,0,47,0,0,13.33
1591018200000,58.5,53.68,29.962,0,0,47,0,0,17.73
1591018800000,58.3,53.81,29.971,0,0,47,0,0,24.71
1591019100000,58.1,53.61,29.968,0,0,47,0,0,26.79
1591020000000,58.1,53.93,29.974,0,0,47,0,0,33.39
1591020300000,58.1,53.93,29.977,0,0,47,0,0,35.97
1591020600000,58.1,53.93,29.974,0,0,47,0,0,43.31
1591020900000,58.3,54.13,29.974,0,0,47,0,0,46.36
1591021200000,58.3,54.13,29.974,0,0,47,0,0,47.71
1591021500000,58.1,53.93,29.971,0,0,47,0,0,54.19
1591022100000,60.3,54.44,29.971,1.8,2.2,47,0,0,117.44
1591022700000,62.4,55.45,29.98,0.9,1.1,79,0,0,131.39
1591023300000,63.7,55.62,29.98,0,0,78,0,0,181.67
1591023600000,63,54.95,29.98,0.7,1.1,88,0,0,71.07
1591023900000,63.5,54.69,29.98,0,0,73,0,0,186.07
1591024200000,64.2,54.98,29.98,0.9,2.2,106,0,0,180.44
1591024500000,64.4,55.17,29.977,0.2,1.1,82,0,0,213.35
1591024800000,65.3,55.65,29.977,1.1,1.1,76,0,0,248.1
1591025400000,65.5,55.45,29.983,0,0,82,0,0,261.07
1591026000000,66.2,55.72,29.988,0.9,2.2,86,0,0,302.78
1591026300000,66.2,56.12,29.994,1.1,1.1,50,0,0,310.12
1591026600000,67.3,56.37,29.994,0,0,52,0,0,350.49
1591026900000,68,56.21,29.988,0,0,46,0,0,389.52
1591027200000,67.1,55.77,29.991,0.7,1.1,63,0,0,426.83
1591027800000,68,55.79,29.997,1.8,3.4,50,0,0,387.32
1591028400000,68.4,56.59,29.994,1.8,2.2,95,0,0,483.23
1591028700000,68,55.79,29.991,0,0,74,0,0,512.71
1591030200000,70,57.25,29.994,1.8,2.2,53,0,0,567.76
1591030500000,69.6,57.3,29.991,1.3,2.2,58,0,0,584.77
1591032000000,71.2,57.95,29.994,1.1,1.1,80,0,0,655.48
1591032300000,70,57.68,29.994,0.9,1.1,63,0,0,647.65
1591032600000,69.4,57.11,29.994,0.7,2.2,167,0,0,647.16
1591033500000,71.4,57.69,29.994,2.5,3.4,51,0,0,708.33
1591034100000,71.1,57.41,29.997,1.3,2.2,62,0,0,743.92
1591034400000,72.9,57.72,29.997,1.1,2.2,64,0,0,712.73
1591034700000,73.4,58.66,29.994,4.3,6.9,26,0,0,659.39
1591035000000,72.5,57.81,29.997,3.8,4.5,31,0,0,511.85
1591035600000,72.3,57.62,30,2.9,4.5,357,0,0,513.2
1591036200000,73,57.81,29.994,3.1,5.8,7,0,0,644.59
1591036500000,72.9,57.24,30.003,2.9,3.4,55,0,0,680.19
1591036800000,72.7,57.53,30,2.9,4.5,354,0,0,770.35
1591037100000,71.8,57.15,29.997,1.6,2.2,42,0,0,820.26
1591037700000,72,57.34,29.997,1.3,2.2,300,0,0,816.35
1591038600000,72.5,57.34,29.991,4.7,8.1,5,0,0,815.49
1591040400000,74.1,57.88,29.988,3.8,6.9,37,0,0,824.18
1591040700000,73,57.81,29.986,1.8,2.2,63,0,0,825.89
1591041000000,74.3,58.06,29.988,4.7,5.8,8,0,0,820.26
1591041300000,74.8,58.04,29.986,1.8,2.2,33,0,0,858.92
1591041600000,73.2,57.52,29.986,1.8,2.2,8,0,0,839.83
1591041900000,73.8,57.6,29.983,2.5,3.4,68,0,0,836.29
1591042800000,75,56.69,29.988,3.1,3.4,345,0,0,846.69
1591043400000,74.7,56.93,29.983,3.4,4.5,35,0,0,853.66
1591043700000,75.2,56.88,29.98,2.2,3.4,20,0,0,809.87
1591044000000,75.7,57.34,29.98,1.8,3.4,24,0,0,871.52
1591044600000,75.4,57.58,29.977,2,3.4,11,0,0,843.26
1591044900000,75.7,56.81,29.98,4.3,6.9,35,0,0,839.83
1591045200000,76.5,57.01,29.971,1.1,1.1,49,0,0,847.17
1591045800000,75.9,56.99,29.977,8.3,10.3,327,0,0,875.8
1591046100000,75.4,56.53,29.974,3.6,5.8,60,0,0,888.41
1591046700000,76.5,57.01,29.977,4.5,6.9,306,0,0,883.14
1591047000000,76.5,57.01,29.983,1.3,2.2,35,0,0,898.31
1591047300000,76.5,56.46,29.974,4,5.8,17,0,0,832.38
1591047600000,76.1,56.64,29.968,5.8,8.1,48,0,0,885.83
1591047900000,75.9,56.46,29.974,6.3,8.1,11,0,0,878.37
1591048200000,75.6,56.18,29.971,2.5,3.4,57,0,0,482.37
1591049400000,78.6,57.25,29.971,6.9,10.3,0,0,0,976
1591049700000,78.1,57.36,29.971,1.8,2.2,35,0,0,981.63
1591050000000,76.6,57.64,29.974,2.9,4.5,60,0,0,987.74
1591050300000,76.6,57.1,29.968,2.5,3.4,40,0,0,913.12
1591050900000,78.1,58.48,29.968,2.5,4.5,30,0,0,882.78
1591052400000,76.6,56.55,29.962,3.8,4.5,18,0,0,918.75
1591052700000,76.8,56.73,29.962,3.4,4.5,30,0,0,843.26
1591053300000,77.5,56.24,29.959,4,5.8,48,0,0,635.9
1591053900000,76.5,55.33,29.956,1.6,2.2,25,0,0,510.99
1591054500000,75.4,56,29.959,2.2,3.4,56,0,0,323.95
1591055100000,75,56.16,29.962,4.9,6.9,342,0,0,392.94
1591056600000,76.8,58.35,29.953,4.5,6.9,61,0,0,617.31
1591057200000,76.1,59.25,29.95,2.7,3.4,14,0,0,647.16
1591057500000,76.8,58.88,29.947,2.9,3.4,27,0,0,585.99
1591058400000,75.7,58.87,29.944,2.7,3.4,36,0,0,298.01
1591059300000,75.7,58.87,29.947,2.9,4.5,29,0,0,345.72
1591059600000,75.9,58.56,29.944,4,5.8,31,0,0,321.86
1591059900000,75.6,58.78,29.944,1.6,2.2,20,0,0,305.35
1591060200000,74.7,58.92,29.941,2.5,3.4,20,0,0,285.41
1591060500000,74.3,58.55,29.947,4.3,5.8,44,0,0,265.83
1591061100000,74.8,58.53,29.947,0.7,1.1,48,0,0,249.81
1591061700000,73.8,58.56,29.95,0.7,1.1,55,0,0,209.93
1591063200000,71.6,59.2,29.959,3.4,4.5,63,0,0,133.59
1591064100000,70.3,58.39,29.947,1.8,2.2,21,0,0,44.65
1591064400000,69.3,58.68,29.953,0.9,2.2,51,0,0,48.07
1591065000000,68.7,58.51,29.956,2.2,3.4,47,0,0,62.88
1591065300000,68.7,58.11,29.956,2,4.5,57,0,0,55.9
1591065600000,68.2,58.03,29.959,1.8,2.2,39,0,0,34.62
1591065900000,67.6,57.85,29.965,1.8,4.5,22,0,0,30.7
1591066500000,66.9,57.96,29.962,1.3,3.4,42,0,0,25.07
1591067700000,66.4,57.47,29.968,0,0,48,0,0,7.34
1591068000000,66.2,56.9,29.965,1.8,2.2,34,0,0,5.14
1591068300000,66.2,57.28,29.968,0,0,49,0,0,2.57
1591068600000,65.8,57.28,29.968,0,0,48,0,0,0
1591068900000,65.8,57.28,29.971,0.2,1.1,53,0,0,0
1591069200000,65.7,57.18,29.971,0.7,1.1,50,0,0,0
1591069500000,65.7,57.55,29.971,0,0,47,0,0,0
1591069800000,65.5,57.73,29.971,1.6,2.2,30,0,0,0
1591070100000,65.3,57.53,29.968,0.9,1.1,43,0,0,0
1591070400000,65.1,57.34,29.971,0,0,50,0,0,0
1591070700000,64.9,57.51,29.965,0.9,1.1,47,0,0,0
1591071600000,64.2,56.47,29.977,0.9,1.1,47,0,0,0
1591072500000,63.9,56.9,29.974,0,0,48,0,0,0
1591072800000,63.9,56.54,29.977,1.8,2.2,42,0,0,0
1591073400000,63.7,55.99,29.974,0,0,51,0,0,0
1591073700000,63.5,55.79,29.98,0.7,1.1,49,0,0,0
1591074000000,63.3,55.6,29.983,1.8,2.2,265,0,0,0
1591075500000,62.6,54.92,29.983,0,0,54,0,0,0
1591076100000,62.2,54.9,29.983,0,0,52,0,0,0
1591076340000,62.1,55.15,29.986,0,0,55,0,0,0
1591076700000,62.1,55.15,29.988,0,0,55,0,0,0
1591077000000,62.2,55.25,29.991,0,0,52,0,0,0
1591077300000,61.9,55.31,29.994,0,0,53,0,0,0
1591077900000,61.3,54.73,29.988,0,0,53,0,0,0
1591078500000,61.3,54.73,29.986,0,0,53,0,0,0
1591078800000,61.5,54.92,29.983,0,0,53,0,0,0
1591079100000,61,54.78,29.988,0,0,53,0,0,0
1591079400000,60.4,54.2,29.98,0,0,53,0,0,0
1591080300000,60.4,54.54,29.986,0,0,53,0,0,0
1591080600000,60.3,54.44,29.983,0,0,53,0,0,0
1591081140000,60.6,54.39,29.974,0,0,53,0,0,0
1591081500000,60.3,54.44,29.98,0,0,53,0,0,0
1591081800000,60.3,54.44,29.977,0,0,53,0,0,0
1591082040000,59.9,54.39,29.98,0,0,53,0,0,0
1591082700000,59.4,54.23,29.971,0,0,53,0,0,0
1591083240000,59.2,54.37,29.974,0,0,53,0,0,0
1591083600000,58.8,53.97,29.974,0,0,53,0,0,0
1591083900000,58.8,54.62,29.971,0,0,53,0,0,0
1591084140000,58.8,54.3,29.971,0,0,53,0,0,0
1591084500000,58.6,54.1,29.968,0,0,53,0,0,0
1591084800000,58.6,54.1,29.965,0,0,53,0,0,0
1591085400000,58.6,54.1,29.968,0,0,53,0,0,0
1591085700000,58.6,54.1,29.965,0,0,53,0,0,0
1591086000000,59.2,54.37,29.959,0,0,53,0,0,0
1591086600000,58.3,54.13,29.956,0,0,53,0,0,0
1591086900000,58.1,53.93,29.959,0,0,53,0,0,0
1591087200000,57.7,53.86,29.956,0,0,53,0,0,0
1591088040000,57.7,53.86,29.956,0,0,53,0,0,0
1591088700000,58.3,54.13,29.956,0,0,53,0,0,0
1591089000000,58.1,53.93,29.95,0,0,53,0,0,0
1591089240000,57.9,53.74,29.947,0,0,53,0,0,0
1591089600000,57.6,54.07,29.95,0,0,53,0,0,0
1591089900000,58.1,54.25,29.947,0,0,53,0,0,0
1591090140000,57.9,54.05,29.944,0,0,53,0,0,0
1591090500000,58.1,54.25,29.944,0,0,53,0,0,0
1591090800000,58.1,54.25,29.941,0,0,53,0,0,0
1591091340000,57.7,54.17,29.947,0,0,53,0,0,0
1591091700000,57.7,54.17,29.953,0,0,53,0,0,0
1591092600000,57,53.79,29.944,0,0,53,0,0,0
1591093200000,57.4,53.87,29.938,0,0,53,0,0,0
1591093800000,57.2,53.36,29.935,0,0,53,0,0,0
1591094400000,56.7,53.18,29.938,0,0,53,0,0,0
1591094700000,56.7,53.18,29.932,0,0,53,0,0,0
1591095300000,56.5,52.68,29.941,0,0,53,0,0,0
1591095900000,56.3,52.48,29.935,0,0,53,0,0,0
1591096200000,56.5,52.68,29.938,0,0,53,0,0,0
1591096500000,56.5,52.68,29.935,0,0,53,0,0,0
1591096740000,56.3,52.48,29.935,0,0,53,0,0,0
1591097400000,55.6,52.1,29.944,0,0,53,0,0,0
1591098600000,55,52.12,29.938,0,0,53,0,0,0
1591098840000,54.9,52.02,29.938,0,0,53,0,0,0
1591099200000,54.7,51.52,29.938,0,0,53,0,0,0
1591099800000,55,51.51,29.944,0,0,53,0,0,0
1591100340000,55,51.2,29.941,0,0,53,0,0,0
1591100640000,55.2,51.4,29.935,0,0,53,0,0,0
1591101300000,54.9,51.1,29.935,0,0,53,0,0,0
1591101600000,54.9,51.1,29.944,0,0,53,0,0,0
1591102200000,54.1,50.62,29.941,0,0,53,0,0,2.08
1591102800000,55,51.2,29.941,0,0,53,0,0,11.25
1591103700000,56.1,51.33,29.944,0,0,53,0,0,24.71
1591104600000,56.5,51.07,29.95,0,0,53,0,0,31.19
1591104900000,57,51.23,29.953,0,0,53,0,0,32.42
1591105740000,59.2,51.99,29.962,0,0,52,0,0,38.53
1591106100000,61,52.65,29.956,0,0,52,0,0,39.39
1591106400000,62.2,52.68,29.959,0,0,53,0,0,41.59
1591106640000,64.2,53.01,29.959,0,0,52,0,0,43.31
1591107300000,66.9,53.89,29.962,0,0,53,0,0,46.36
1591107540000,66.9,54.32,29.959,0,0,53,0,0,48.56
1591107840000,68.5,54.51,29.968,0,0,53,0,0,49.79
1591108500000,70.2,55.65,29.971,0.2,1.1,53,0,0,121.36
1591108740000,68.9,55.33,29.968,0,0,53,0,0,54.19
1591109700000,68.7,56.02,29.968,0.4,1.1,49,0,0,185.22
1591110300000,71.2,57.05,29.971,0.7,1.1,49,0,0,203.81
1591110840000,70.9,56.77,29.971,0,0,65,0,0,212.98
1591111140000,71.1,56.5,29.974,0,0,66,0,0,256.29
1591111800000,70.9,55.37,29.983,0,0,79,0,0,281.49
1591112100000,71.6,56.5,29.977,1.3,2.2,80,0,0,301.93
1591112700000,72.1,56.01,29.974,0,0,81,0,0,324.93
1591113300000,73,54.84,29.98,0,0,83,0,0,356.49
1591113600000,73.4,56.24,29.977,0.2,1.1,58,0,0,418.15
1591113900000,73.4,55.73,29.98,0.2,1.1,60,0,0,445.06
1591114200000,74.7,55.89,29.983,1.3,2.2,60,0,0,458.52
1591114500000,74.5,55.7,29.977,1.1,1.1,79,0,0,470.62
1591115100000,74.5,54.62,29.974,0,0,52,0,0,509.65
1591115400000,75.4,54.89,29.977,1.8,2.2,78,0,0,529.59
1591115700000,75.6,55.08,29.971,0,0,60,0,0,539.13
1591116000000,77.2,55.39,29.98,2.2,2.2,101,0,0,553.94
1591116900000,77.9,55.43,29.971,1.3,2.2,52,0,0,588.19
1591117200000,79.2,55.38,29.974,0.7,1.1,67,0,0,612.9
1591117440000,79.5,55.65,29.971,0,0,67,0,0,633.7
1591117800000,80.1,56.82,29.971,0,0,60,0,0,652.42
1591118040000,80.4,55.83,29.962,1.1,1.1,83,0,0,660.24
1591118640000,80.1,55.56,29.965,0.2,1.1,60,0,0,651.56
1591119300000,82.6,56.48,29.959,0.9,2.2,333,0,0,678.48
1591119600000,82.6,56.48,29.959,2.5,3.4,248,0,0,687.16
1591119840000,81.7,55.68,29.962,0.9,2.2,62,0,0,699.64
1591120800000,84.4,56.7,29.959,2.5,3.4,12,0,0,704.04
1591121040000,84.2,57.23,29.959,2.9,3.4,42,0,0,643.73
1591121640000,84.6,56.88,29.968,0.4,1.1,67,0,0,479.68
1591123200000,85.6,55.55,29.971,2,2.2,307,0,0,765.21
1591123440000,86,54.33,29.968,1.1,1.1,36,0,0,811.58
1591123800000,87.6,55.72,29.962,0.9,1.1,92,0,0,802.53
1591124100000,88,55.25,29.959,1.1,1.1,59,0,0,814.63
1591124400000,88,56.07,29.953,1.3,2.2,53,0,0,825.04
1591124640000,89.2,56.29,29.962,0.9,1.1,75,0,0,822.83
1591125300000,88.2,56.25,29.962,2.5,3.4,90,0,0,845.46
1591125840000,89.1,56.21,29.962,0.9,1.1,55,0,0,863.2
1591126800000,89.4,57.3,29.962,4,4.5,34,0,0,864.92
1591127400000,90.1,56.22,29.953,2.2,3.4,67,0,0,877.15
1591128480000,91.4,58.2,29.962,1.3,2.2,75,0,0,881.92
1591128840000,92.5,58.3,29.959,1.8,3.4,30,0,0,610.7
1591129440000,89.6,58.28,29.95,2.2,3.4,64,0,0,304.86
1591129800000,89.1,57.84,29.95,0,0,60,0,0,402.98
1591130100000,89.2,57.12,29.953,0.4,1.1,54,0,0,960.46
1591130400000,91.8,58.55,29.953,3.1,4.5,64,0,0,936.61
1591130640000,91.6,59.21,29.956,3.8,4.5,44,0,0,980.77
1591130880000,91.2,58.03,29.953,6.5,8.1,291,0,0,839.34
1591131240000,91.6,58.38,29.953,4,6.9,52,0,0,855
1591131540000,91.6,57.52,29.953,2,3.4,281,0,0,603.36
1591131840000,91.8,57.69,29.953,4.7,6.9,18,0,0,604.7
1591132080000,91,58.69,29.95,4,6.9,50,0,0,691.93
1591132500000,91,58.69,29.953,2.9,4.5,18,0,0,881.07
1591132800000,91.9,58.64,29.947,2.9,6.9,345,0,0,942.6
1591133040000,92.1,58.81,29.95,3.8,5.8,48,0,0,1007.68
1591133700000,91.8,57.69,29.944,6.3,6.9,35,0,0,974.78
1591134240000,92.3,59.82,29.95,2.9,3.4,313,0,0,976.49
1591134600000,91.9,58.64,29.953,2.5,5.8,31,0,0,933.54
1591134840000,91,57.86,29.947,2.2,4.5,342,0,0,901
1591135140000,91.8,56.81,29.956,1.3,2.2,55,0,0,930.85
1591135440000,91.9,55.99,29.95,1.6,2.2,216,0,0,905.29
1591136400000,91.6,55.73,29.944,5.8,9.2,22,0,0,854.15
1591137540000,91.4,55.56,29.938,3.8,5.8,0,0,0,770.84
1591138200000,92.1,56.16,29.941,2.2,3.4,34,0,0,910.92
1591138800000,92.7,56.68,29.938,4.5,6.9,37,0,0,901
1591139040000,91.8,55.9,29.938,2.2,3.4,50,0,0,884.49
1591139280000,92.5,56.5,29.935,1.3,2.2,27,0,0,822.46
1591139640000,92.5,56.5,29.935,4,5.8,351,0,0,803.75
1591140000000,91,56.12,29.935,0.9,2.2,53,0,0,860.14
1591140600000,91.2,56.29,29.929,4.7,6.9,18,0,0,791.27
1591141140000,91.6,56.64,29.932,3.8,6.9,8,0,0,741.72
1591142700000,91.8,55.9,29.926,2.9,4.5,57,0,0,644.59
1591143300000,90.9,56.91,29.924,3.4,4.5,1,0,0,596.87
1591143600000,90.9,56.91,29.921,2.2,3.4,34,0,0,579.14
1591143900000,91.6,56.64,29.918,2.7,3.4,346,0,0,583.42
1591144200000,91.4,57.35,29.921,3.8,9.2,289,0,0,537.91
1591145100000,91,57,29.918,1.6,2.2,22,0,0,443.71
1591145700000,90,57.82,29.918,1.6,2.2,41,0,0,393.43
1591146240000,89.2,57.93,29.918,3.4,5.8,67,0,0,330.55
1591146600000,89.2,57.93,29.918,4.7,5.8,2,0,0,323.95
1591146900000,88.9,58.45,29.918,3.6,5.8,353,0,0,301.93
1591147740000,88.3,59.43,29.918,1.3,2.2,53,0,0,254.58
1591148100000,87.1,59.1,29.918,2.2,2.2,31,0,0,187.29
1591148400000,86.5,59.28,29.924,4.5,5.8,42,0,0,215.07
1591148700000,86.4,59.19,29.921,1.3,2.2,25,0,0,193.05
1591149300000,86.5,59.97,29.921,2.2,2.2,40,0,0,186.44
1591149540000,86,60.2,29.924,2.9,4.5,5,0,0,163.93
1591149780000,85.1,59.39,29.924,4.5,5.8,309,0,0,153.9
1591150200000,84,60.34,29.921,2.9,3.4,31,0,0,132.24
1591151100000,82.2,60.53,29.929,3.4,4.5,50,0,0,86.73
1591151340000,82,60.35,29.924,2,2.2,58,0,0,73.28
1591151640000,81.7,60.07,29.932,1.3,2.2,47,0,0,62.39
1591152240000,80.1,60.31,29.935,4.3,5.8,37,0,0,31.19
1591152600000,79.3,60.13,29.938,2.2,2.2,43,0,0,26.42
1591152840000,79,60.39,29.932,2.9,3.4,35,0,0,22.87
1591153140000,78.3,60.26,29.941,2.5,3.4,26,0,0,18.6
1591154040000,77.5,60.04,29.938,1.3,2.2,29,0,0,8.56
1591154400000,77,60.08,29.944,1.8,3.4,31,0,0,4.77
1591154700000,76.8,59.9,29.944,2.5,3.4,19,0,0,2.08
1591155540000,75.6,59.76,29.95,0.7,1.1,35,0,0,0
1591156440000,74.7,59.87,29.95,0.9,1.1,46,0,0,0
1591157040000,74.1,60.23,29.962,0,0,51,0,0,0
1591157700000,73.2,59.83,29.965,0,0,51,0,0,0
1591158000000,73,59.65,29.965,0,0,51,0,0,0
1591158300000,73,59.65,29.971,0,0,51,0,0,0
1591158540000,72.7,59.8,29.974,0,0,51,0,0,0
1591159200000,71.8,59.82,29.977,0,0,51,0,0,0
1591160700000,71.1,59.57,29.971,0,0,51,0,0,0
1591161000000,71.1,59.57,29.977,0,0,51,0,0,0
1591163100000,69.8,59.16,29.974,0,0,51,0,0,0
1591164600000,68.2,59.21,29.977,0,0,51,0,0,0
1591164840000,68.5,59.11,29.971,0,0,51,0,0,0
1591165140000,68.5,58.72,29.977,0,0,51,0,0,0
1591165500000,68.9,59.1,29.977,0,0,51,0,0,0
1591166040000,68.7,59.3,29.971,1.3,2.2,51,0,0,0
1591166340000,69.1,58.89,29.977,0,0,53,0,0,0
1591167300000,68.9,59.1,29.974,0,0,87,0,0,0
1591167540000,68.9,59.49,29.971,0,0,87,0,0,0
1591167840000,68,59.01,29.965,0,0,87,0,0,0
1591168140000,67.8,58.82,29.971,0,0,87,0,0,0
1591168740000,67.1,58.9,29.962,0,0,87,0,0,0
1591169940000,66.2,58.4,29.965,0,0,87,0,0,0
1591170300000,66.6,58.42,29.965,0,0,87,0,0,0
1591172040000,66,58.21,29.956,0,0,87,0,0,0
1591172340000,66,58.21,29.956,0,0,87,0,0,0
1591174440000,64.8,58.13,29.95,0,0,87,0,0,0
1591175100000,65.1,58.06,29.947,0,0,87,0,0,0
1591175400000,64.8,57.77,29.947,0,0,87,0,0,0
1591175940000,64.8,57.77,29.944,0,0,87,0,0,0
1591176240000,64.2,57.55,29.944,0,0,87,0,0,0
1591176840000,64.2,57.55,29.944,0,0,87,0,0,0
1591177440000,64.2,57.55,29.941,0,0,87,0,0,0
1591178100000,64,57.35,29.941,0,0,87,0,0,0
1591178340000,64,57.35,29.941,0,0,87,0,0,0
1591178940000,63.3,57.02,29.932,0,0,87,0,0,0
1591179840000,62.8,56.88,29.929,0,0,87,0,0,0
1591180440000,62.8,56.53,29.932,0,0,87,0,0,0
1591181040000,62.8,55.83,29.926,0,0,87,0,0,0
1591181940000,62.6,55.64,29.924,0,0,87,0,0,0
1591182540000,62.2,55.6,29.924,0,0,87,0,0,0
1591183440000,62.1,55.51,29.926,0,0,87,0,0,0
1591183740000,61.9,55.66,29.921,0,0,87,0,0,0
1591184040000,61.7,55.46,29.924,0,0,87,0,0,0
1591184940000,61.5,55.95,29.924,0,0,87,0,0,0
1591185300000,61.2,55.32,29.935,0,0,87,0,0,0
1591186140000,60.4,54.88,29.926,0,0,87,0,0,0
1591186440000,60.6,54.73,29.929,0,0,87,0,0,0
1591187040000,60.8,54.93,29.929,0,0,87,0,0,0
1591187340000,60.4,54.88,29.924,0,0,87,0,0,0
1591187640000,60.4,54.54,29.926,0,0,88,0,0,0
1591187940000,60.4,54.54,29.932,0,0,87,0,0,0
1591188540000,60.6,54.39,29.932,0,0,88,0,0,2.57
1591188900000,60.6,54.39,29.929,0,0,88,0,0,4.77
1591189140000,61,54.44,29.935,0,0,88,0,0,6.85
1591189440000,61,54.44,29.929,0,0,88,0,0,10.39
1591189740000,60.6,54.39,29.926,0,0,87,0,0,13.82
1591190040000,60.8,54.59,29.929,0,0,87,0,0,17.25
1591190940000,61.5,54.57,29.935,0,0,87,0,0,26.79
1591191240000,61.5,54.92,29.935,0,0,87,0,0,28.99
1591191540000,61.9,54.61,29.935,0,0,87,0,0,32.9
1591191840000,62.8,55.83,29.935,0,0,87,0,0,39.02
1591192500000,68.2,56.81,29.944,0,0,87,0,0,46.73
1591192740000,69.1,56.4,29.938,0,0,87,0,0,42.94
1591193100000,71.6,57.43,29.941,0,0,87,0,0,45.02
1591194540000,75.6,60.25,29.944,0,0,87,0,0,103.61
1591194840000,74.1,58.36,29.947,0,0,87,0,0,117.07
1591195140000,74.1,59.31,29.944,0,0,88,0,0,130.04
1591195740000,75,58.22,29.95,0,0,86,0,0,160.51
1591196340000,76.6,58.69,29.947,0,0,86,0,0,209.44
1591196640000,76.3,58.93,29.944,0.2,1.1,86,0,0,83.19
1591196940000,75.2,56.88,29.953,0,0,86,0,0,214.21
1591197240000,77,58.01,29.947,0.7,1.1,86,0,0,228.52
1591197540000,77.9,57.74,29.947,0,0,86,0,0,254.21
1591198140000,78.8,58,29.947,0.7,1.1,86,0,0,286.63
1591198500000,79.2,57.79,29.941,0.9,1.1,86,0,0,314.03
1591199340000,80.4,58.3,29.95,0,0,63,0,0,353.55
1591199640000,80.8,57.45,29.953,1.1,2.2,80,0,0,340.95
1591200000000,80.4,57.09,29.953,0.2,1.1,54,0,0,425.49
1591200840000,82,57.91,29.953,0,0,79,0,0,472.83
1591201140000,82.6,56.48,29.959,0.9,1.1,84,0,0,363.95
1591201740000,84.4,57.41,29.95,1.3,2.2,48,0,0,520.05
1591202640000,84.7,56.97,29.956,0.7,1.1,74,0,0,568.62
1591202940000,85.8,56.48,29.947,0,0,70,0,0,579.14
1591203540000,85.5,56.96,29.956,0,0,72,0,0,603.36
1591204140000,86.4,58.48,29.947,0.2,1.1,63,0,0,648.01
1591204440000,87.6,57.31,29.95,1.3,2.2,52,0,0,658.9
1591204800000,88.3,57.92,29.953,0.7,1.1,57,0,0,665.02
1591205100000,88.5,57.31,29.947,1.1,1.1,47,0,0,651.56
1591205700000,88.3,57.14,29.953,0.4,1.1,69,0,0,685.82
1591206840000,90,64.46,29.95,0.4,1.1,63,0,0,750.04
1591207440000,88.5,65.04,29.956,1.8,3.4,25,0,0,648.5
1591207740000,88.7,64.59,29.95,0.9,1.1,64,0,0,535.71
1591208040000,88.7,64.59,29.953,1.3,2.2,65,0,0,480.66
1591208640000,90,63.78,29.944,3.4,4.5,357,0,0,604.7
1591208940000,90,62.39,29.947,0.9,1.1,61,0,0,654.62
1591210140000,91.4,59.85,29.944,3.1,4.5,2,0,0,797.26
1591210800000,91.9,60.29,29.944,0.9,1.1,68,0,0,827.6
1591211040000,92.5,59.16,29.938,0.7,1.1,50,0,0,818.06
1591211340000,92.8,59.42,29.938,2.2,3.4,46,0,0,823.81
1591211640000,93.6,60.11,29.941,1.6,2.2,57,0,0,840.69
1591211940000,93.7,59.34,29.935,2.2,3.4,65,0,0,855.37
1591212540000,93,59.59,29.935,1.8,2.2,35,0,0,856.72
1591213140000,94.1,59.68,29.929,1.1,2.2,58,0,0,840.69
1591213440000,95.2,58.82,29.929,2.2,3.4,24,0,0,833.72
1591213740000,94.6,60.11,29.926,1.6,2.2,58,0,0,835.92
1591214040000,94.8,59.39,29.926,2.2,3.4,357,0,0,858.07
1591214640000,94.6,57.36,29.926,4.7,6.9,18,0,0,860.14
1591214940000,95.5,58.13,29.924,1.3,2.2,85,0,0,864.06
1591215540000,95.7,57.32,29.909,2.9,4.5,47,0,0,874.09
1591215840000,95.9,57.49,29.915,3.1,3.4,11,0,0,867.61
1591216140000,97,57.41,29.909,1.6,2.2,93,0,0,876.66
1591216440000,97.2,58.6,29.906,1.3,2.2,59,0,0,887.06
1591216740000,97.7,56.96,29.906,2,3.4,43,0,0,890.97
1591217040000,97,57.41,29.906,1.3,3.4,25,0,0,857.21
1591217640000,97.3,56.62,29.897,2,3.4,44,0,0,862.34
1591218240000,96.8,57.24,29.897,2.7,3.4,36,0,0,884.98
1591218840000,96.3,57.83,29.891,1.8,3.4,11,0,0,898.31
1591219140000,95.7,56.31,29.891,3.1,4.5,31,0,0,892.68
1591219440000,96.6,59.07,29.894,4.5,6.9,48,0,0,902.72
1591220040000,95.7,57.32,29.891,4,5.8,30,0,0,884.98
1591221240000,94.8,57.53,29.891,4.9,6.9,36,0,0,894.89
1591221540000,95,58.65,29.888,1.8,3.4,51,0,0,882.78
1591222440000,94.8,58.48,29.882,2.5,3.4,26,0,0,860.63
1591223040000,94.5,58.22,29.888,2.5,4.5,11,0,0,887.92
1591223340000,95.2,58.82,29.882,1.6,6.9,11,0,0,861.49
1591223640000,94.5,59.14,29.876,3.1,3.4,44,0,0,849.38
1591223940000,94.8,58.48,29.879,1.3,2.2,45,0,0,900.15
1591224180000,94.3,58.05,29.882,3.1,4.5,14,0,0,905.78
1591224840000,93.7,58.45,29.882,3.4,4.5,323,0,0,896.6
1591237740000,82.2,61.11,29.859,1.1,1.1,45,0,0,64.1
1591238340000,82,60.93,29.85,0.2,1.1,60,0,0,33.76
1591238640000,80.6,60.77,29.85,0.2,1.1,53,0,0,28.63
1591239240000,79.3,61.19,29.847,2.2,3.4,59,0,0,22.51
1591239540000,78.8,61.25,29.856,0.2,1.1,49,0,0,18.6
1591240140000,77.9,61.42,29.847,0.2,1.1,50,0,0,10.77
1591240440000,77.7,60.73,29.853,0.7,1.1,46,0,0,8.19
1591240740000,77.4,60.95,29.853,0,0,54,0,0,4.77
1591241640000,76.5,60.11,29.853,0,0,56,0,0,0
1591242900000,75,60.16,29.856,0,0,57,0,0,0
1591243140000,75.2,59.87,29.853,0,0,45,0,0,0
1591243440000,75,59.68,29.853,0.2,1.1,55,0,0,0
1591243740000,75,59.68,29.853,0.4,1.1,49,0,0,0
1591244100000,74.5,60.15,29.85,3.8,4.5,31,0,0,0
1591244340000,73.9,60.5,29.856,0.9,2.2,58,0,0,0
1591244640000,73.2,57.52,29.859,2.5,3.4,354,0,0,0
1591244940000,72.9,57.24,29.859,2.2,2.2,29,0,0,0
1591245240000,72.1,57.44,29.862,2.5,3.4,32,0,0,0
1591245540000,71.8,58.07,29.867,1.6,3.4,13,0,0,0
1591246440000,70.5,59,29.864,0.2,1.1,4,0,0,0
1591246740000,70.3,59.64,29.87,0,0,51,0,0,0
1591247040000,70.5,60.23,29.876,0.7,1.1,63,0,0,0
1591247940000,69.8,60.74,29.873,0.9,1.1,48,0,0,0
1591248240000,69.8,61.13,29.87,0,0,48,0,0,0
1591248540000,69.4,61.5,29.87,0.7,1.1,46,0,0,0
1591248840000,69.3,61.4,29.873,0,0,51,0,0,0
1591249140000,68.9,61.38,29.873,0,0,50,0,0,0
1591249500000,68.5,61.36,29.876,0,0,50,0,0,0
1591249740000,68.5,61,29.867,0,0,54,0,0,0
1591250040000,68.4,61.26,29.862,0,0,48,0,0,0
1591250400000,68.2,61.07,29.864,0.9,1.1,45,0,0,0
1591250640000,68,60.88,29.867,0,0,46,0,0,0
1591251540000,67.3,60.91,29.867,0,0,46,0,0,0
1591251840000,66.9,60.87,29.864,0,0,46,0,0,0
1591252140000,66.9,60.87,29.867,1.1,1.1,43,0,0,0
1591252440000,66.9,60.87,29.864,0,0,52,0,0,0
1591253040000,66.7,60.68,29.862,2.7,3.4,40,0,0,0
1591253340000,66.6,60.58,29.856,0,0,57,0,0,0
1591253640000,66.4,60.39,29.856,0,0,48,0,0,0
1591253940000,66,60.34,29.862,0,0,48,0,0,0
1591254240000,65.8,60.15,29.859,0,0,46,0,0,0
1591254840000,65.7,59.35,29.856,0,0,47,0,0,0
1591255440000,64.8,59.17,29.859,0,0,56,0,0,0
1591255740000,64.8,58.83,29.853,0.7,1.1,46,0,0,0
1591256040000,64.8,59.17,29.85,0,0,64,0,0,0
1591256640000,64.4,58.78,29.856,0,0,50,0,0,0
1591257240000,64,58.39,29.853,0,0,50,0,0,0
1591257540000,63.9,58.63,29.85,0.2,1.1,46,0,0,0
1591258440000,63.3,58.04,29.847,0,0,46,0,0,0
1591259040000,62.8,57.89,29.841,0,0,46,0,0,0
1591259340000,62.8,57.89,29.847,0,0,45,0,0,0
1591259640000,62.8,57.89,29.838,0,0,46,0,0,0
1591259940000,62.6,57.69,29.835,0,0,46,0,0,0
1591260240000,62.6,57.69,29.838,0,0,46,0,0,0
1591260540000,62.2,57.63,29.838,0,0,46,0,0,0
1591261140000,61.3,57.39,29.838,0,0,46,0,0,0
1591261440000,61.9,57.98,29.835,0,0,46,0,0,0
1591261740000,61.7,57.79,29.823,0,0,46,0,0,0
1591262340000,61.5,57.27,29.829,0,0,46,0,0,0
1591262640000,61.7,57.47,29.826,0,0,46,0,0,0
1591262940000,61.5,57.59,29.823,0,0,46,0,0,0
1591264140000,61.2,57.3,29.817,0,0,46,0,0,0
1591264440000,61,57.42,29.817,0,0,46,0,0,0
1591264740000,61,57.42,29.817,0,0,46,0,0,0
1591265640000,60.6,57.02,29.805,0,0,46,0,0,0
1591265940000,60.4,56.83,29.808,0,0,46,0,0,0
1591266240000,60.4,57.14,29.811,0,0,46,0,0,0
1591266840000,59.7,56.45,29.808,0,0,46,0,0,0
1591267440000,60.1,56.84,29.802,0,0,46,0,0,0
1591268040000,60.3,57.04,29.808,0,0,46,0,0,0
1591268340000,59.9,56.65,29.802,0,0,46,0,0,0
1591268640000,59.7,56.76,29.805,0,0,46,0,0,0
1591269240000,59.7,56.45,29.799,0,0,46,0,0,0
1591269540000,59.7,56.76,29.797,0,0,46,0,0,0
1591271640000,58.8,56.18,29.788,0,0,46,0,0,0
1591271940000,58.6,55.98,29.788,0,0,46,0,0,0
1591272540000,58.5,55.58,29.794,0,0,46,0,0,0
1591273740000,58.1,55.18,29.785,0,0,46,0,0,0
1591274040000,58.3,55.07,29.791,0,0,46,0,0,0
1591274340000,58.1,54.87,29.788,0,0,46,0,0,0
1591274640000,57.9,54.98,29.788,0,0,46,0,0,0
1591274940000,57.7,54.79,29.788,0,0,46,0,0,1.22
1591275900000,57.2,54.6,29.794,0,0,46,0,0,8.19
1591276140000,57.4,54.79,29.791,0,0,46,0,0,11.25
1591276440000,57.4,54.79,29.791,0,0,46,0,0,13.82
1591277040000,57.7,55.09,29.791,0,0,46,0,0,19.45
1591277640000,58.1,55.48,29.797,0,0,46,0,0,25.07
1591278240000,59.4,56.15,29.791,0,0,45,0,0,41.1
1591278540000,60.8,56.58,29.791,0,0,45,0,0,45.02
1591279140000,64.6,58.63,29.794,0,0,45,0,0,35.11
1591279440000,65.8,58.74,29.788,0,0,45,0,0,37.68
1591279740000,65.8,59.1,29.794,0,0,45,0,0,55.05
1591280340000,68.2,60.34,29.794,0,0,45,0,0,63.24
1591282140000,69.4,60.36,29.794,0,0,45,0,0,158.3
1591282440000,70.7,61.22,29.788,0,0,45,0,0,182.53
1591282740000,69.6,61.32,29.799,0,0,69,0,0,203.81
1591283040000,71.8,61.48,29.797,0.7,1.1,59,0,0,211.64
1591283640000,71.2,61.7,29.785,0.2,1.1,74,0,0,226.81
1591284540000,72.7,61.93,29.794,1.1,1.1,75,0,0,280.64
1591284840000,72.5,61.74,29.791,1.3,2.2,50,0,0,307.55
1591285440000,72,61.26,29.791,0.2,1.1,59,0,0,323.58
1591285740000,72.5,61.32,29.794,0.7,1.1,52,0,0,345.72
1591286400000,73.8,61.28,29.791,0,0,60,0,0,415.57
1591286640000,75,62.42,29.791,0.9,1.1,60,0,0,448.11
1591286940000,75,61.53,29.797,0.9,1.1,52,0,0,461.08
1591287840000,75.6,62.1,29.788,0.9,1.1,46,0,0,508.43
1591288140000,75.9,62.83,29.788,0.2,1.1,56,0,0,515.28
1591288440000,75.9,62.38,29.779,0.7,1.1,285,0,0,547.45
1591288740000,76.3,61.84,29.785,1.1,1.1,54,0,0,525.67
1591289040000,77.4,62.88,29.785,0.2,1.1,56,0,0,566.54
1591289340000,77,62.5,29.788,1.3,2.2,35,0,0,573.39
1591289940000,77.7,62.21,29.785,0,0,65,0,0,596.87
1591290240000,78.1,62.58,29.782,3.4,4.5,30,0,0,624.16
1591291140000,78.3,62.77,29.782,1.1,1.1,59,0,0,656.33
1591292340000,81,63.8,29.776,1.3,2.2,352,0,0,690.09
1591292640000,80.1,63.97,29.779,1.6,3.4,26,0,0,697.07
1591292940000,80.1,63.97,29.776,2,2.2,64,0,0,723.99
1591293540000,81,64.31,29.779,2.2,2.2,44,0,0,714.44
1591293840000,81.3,64.08,29.779,1.8,2.2,48,0,0,659.39
1591294140000,81.5,64.77,29.779,1.3,3.4,90,0,0,531.79
1591294440000,80.6,63.93,29.779,1.8,2.2,49,0,0,478.82
1591294740000,81.7,63.93,29.779,0.2,1.1,53,0,0,497.91
1591295040000,82.6,63.71,29.773,2.7,3.4,29,0,0,600.3
1591295340000,83.3,64.35,29.773,3.1,4.5,19,0,0,656.33
1591295640000,83.8,64.81,29.773,1.1,1.1,75,0,0,694.87
1591296540000,85.1,64.34,29.758,1.6,2.2,57,0,0,794.7
1591296840000,86.2,63.57,29.761,1.3,2.2,70,0,0,813.78
1591297140000,86.7,64.02,29.758,1.3,2.2,62,0,0,822.83
1591297440000,87.1,63.77,29.755,2,2.2,37,0,0,811.58
1591298340000,88.3,62.93,29.752,1.1,2.2,60,0,0,848.52
1591298640000,89.1,62.29,29.752,1.1,1.1,57,0,0,856.35
1591298940000,89.4,61.86,29.752,0,0,70,0,0,858.43
1591299240000,90.1,61.03,29.752,2,3.4,70,0,0,867.97
1591299540000,90.7,62.29,29.743,1.8,2.2,61,0,0,836.29
1591300140000,90.7,60.03,29.755,1.3,3.4,10,0,0,825.89
1591301040000,91.4,56.47,29.737,2.9,3.4,20,0,0,858.92
1591301940000,91,56.12,29.735,2,2.2,31,0,0,873.24
1591302840000,90.7,55.86,29.729,4,5.8,10,0,0,880.58
1591303440000,91.6,53.84,29.732,3.4,4.5,25,0,0,850.24
1591304040000,91.8,55.9,29.723,1.8,3.4,11,0,0,847.17
1591304340000,91,55.22,29.723,3.8,5.8,19,0,0,852.8
1591304640000,91.4,55.56,29.726,4,4.5,47,0,0,878.37
1591305240000,92.1,55.23,29.72,0.4,1.1,44,0,0,895.75
1591305840000,91.9,57.78,29.717,3.6,5.8,46,0,0,896.6
1591306140000,91.8,57.69,29.708,4.9,5.8,33,0,0,887.06
1591306440000,90.5,58.25,29.714,4.3,5.8,9,0,0,881.07
1591306740000,89.6,59.83,29.711,2.2,3.4,56,0,0,865.41
1591307040000,88.9,59.97,29.708,1.8,3.4,333,0,0,885.34
1591307340000,88.5,60.34,29.711,2.9,4.5,15,0,0,876.29
1591307940000,88.3,59.43,29.708,5.6,9.2,29,0,0,874.09
1591308240000,88.5,59.61,29.702,2.5,4.5,37,0,0,841.92
1591309140000,89.2,57.93,29.708,2.7,6.9,0,0,0,900.51
1591309440000,88.5,59.61,29.702,3.6,4.5,66,0,0,889.26
1591309740000,88.5,58.1,29.699,3.1,4.5,38,0,0,848.03
1591310040000,88.2,58.6,29.705,1.8,3.4,3,0,0,838.12
1591310340000,88.3,59.43,29.705,4.7,6.9,18,0,0,873.6
1591310640000,87.8,58.99,29.702,0.9,1.1,67,0,0,896.6
1591310940000,88.7,58.27,29.693,3.4,4.5,345,0,0,909.2
1591311540000,88.7,59.04,29.693,2.2,3.4,43,0,0,879.23
1591311840000,86.7,58.02,29.696,2.9,6.9,268,0,0,838.12
1591312140000,86.4,57.75,29.69,2.5,3.4,2,0,0,832
1591312740000,87.1,57.63,29.687,3.1,4.5,22,0,0,840.69
1591313040000,86.2,59.01,29.69,0.9,1.1,51,0,0,830.29
1591313340000,86,59.52,29.69,1.8,2.2,357,0,0,787.72
1591313640000,84.2,60.52,29.693,2.5,3.4,54,0,0,755.18
1591313940000,84,61.57,29.693,2,4.5,2,0,0,753.46
1591314240000,83.8,60.78,29.693,2.2,2.2,29,0,0,738.78
1591314540000,83.8,60.78,29.687,1.8,3.4,28,0,0,725.7
1591315140000,83.5,60.51,29.69,2.5,3.4,6,0,0,647.65
1591315740000,82.4,61.86,29.687,1.3,2.2,38,0,0,613.39
1591315980000,82.4,62.43,29.687,1.3,4.5,343,0,0,607.28
1591316340000,82.9,63.44,29.684,2.9,5.8,4,0,0,593.82
1591317180000,81.5,62.69,29.681,2.5,4.5,24,0,0,484.45
1591317540000,81,63.29,29.687,2.9,3.4,57,0,0,446.77
1591317840000,81,62.23,29.684,2.2,3.4,53,0,0,424.26
1591318140000,81.1,62.32,29.681,3.6,5.8,0,0,0,354.4
1591318740000,80.4,63.24,29.675,3.8,5.8,39,0,0,329.2
1591319040000,79.7,63.59,29.684,1.3,2.2,39,0,0,307.55
1591319580000,79,62.44,29.681,2.9,4.5,52,0,0,280.15
1591319940000,78.3,62.77,29.681,1.3,2.2,60,0,0,259.84
1591382340000,73,52.14,29.805,2.2,4.5,81,0,0,740.01
1591382640000,73.8,51.11,29.811,3.8,5.8,8,0,0,797.26
1591382940000,73.8,52.29,29.811,3.1,4.5,274,0,0,779.04
1591383540000,73,52.7,29.814,1.1,1.1,17,0,0,810.36
1591384140000,73.2,52.88,29.814,2,3.4,45,0,0,805.09
1591384800000,73.4,52.5,29.805,2.9,3.4,38,0,0,832
1591385040000,73.2,51.16,29.811,6.5,10.3,280,0,0,837.63
1591385340000,73,51.56,29.811,4.3,5.8,40,0,0,835.92
1591385640000,73.9,51.8,29.808,2.2,3.4,284,0,0,857.21
1591386240000,72.3,50.35,29.802,2.9,4.5,23,0,0,815.49
1591386540000,72.7,50.12,29.811,8.5,10.3,340,0,0,811.21
1591386840000,73.2,49.97,29.805,1.8,2.2,221,0,0,833.35
1591387140000,73.8,50.51,29.808,3.8,5.8,15,0,0,821.61
1591387440000,73.2,51.16,29.811,2.5,3.4,38,0,0,840.69
1591388040000,72.7,50.12,29.808,5.8,11.4,53,0,0,871.03
1591388340000,71.2,50.49,29.808,4,5.8,232,0,0,855.86
1591388640000,71.1,49.26,29.805,3.8,4.5,305,0,0,826.38
1591388940000,70.9,51.32,29.814,2.5,4.5,7,0,0,829.44
1591389240000,70.5,50.41,29.808,6.3,9.2,288,0,0,862.34
1591389840000,70.3,49.67,29.82,5.6,6.9,18,0,0,830.66
1591390140000,70.7,50.04,29.82,6.7,11.4,325,0,0,812.43
1591390440000,70.3,50.22,29.82,5.6,8.1,326,0,0,820.26
1591390740000,71.1,50.96,29.829,9.2,13.6,332,0,0,832.87
1591391340000,70.5,50.41,29.832,4.9,6.9,51,0,0,883.63
1591391940000,71.1,49.83,29.832,7.6,10.3,302,0,0,927.06
1591392240000,70.7,49.47,29.838,5.6,6.9,316,0,0,888.41
1591392540000,70.5,50.41,29.826,2.9,4.5,299,0,0,815.12
1591392840000,70,50.49,29.826,4.9,6.9,257,0,0,517.48
1591393140000,69.3,49.31,29.838,3.1,4.5,273,0,0,744.41
1591393440000,71.1,49.83,29.829,1.8,3.4,34,0,0,886.2
1591393740000,70.7,50.59,29.832,4,5.8,20,0,0,581.7
1591394040000,69.1,49.13,29.829,2.9,3.4,161,0,0,677.13
1591394700000,70.5,49.29,29.826,11.2,15.9,243,0,0,850.6
1591394940000,69.4,48.85,29.823,4.3,5.8,310,0,0,670.65
1591395540000,70,48.83,29.829,4.5,5.8,258,0,0,1005.48
1591395840000,69.8,48.65,29.832,2,3.4,292,0,0,966.46
1591396740000,69.8,49.21,29.829,5.1,6.9,345,0,0,753.1
1591397640000,70.9,50.22,29.832,3.4,4.5,287,0,0,907.85
1591398240000,70.5,48.71,29.829,1.8,3.4,317,0,0,880.21
1591398540000,70.5,49.29,29.826,5.4,6.9,259,0,0,841.55
1591400040000,71.8,49.3,29.823,3.4,5.8,246,0,0,759.09
1591400340000,70.5,48.71,29.826,1.3,2.2,150,0,0,750.9
1591400640000,71.2,48.76,29.832,2.5,3.4,18,0,0,740.87
1591400940000,70.3,48.53,29.826,1.3,3.4,314,0,0,720.56
1591401540000,70.5,49.29,29.826,2,2.2,256,0,0,658.04
1591401840000,70.7,48.31,29.829,2.5,3.4,248,0,0,608.99
1591402140000,70.9,49.65,29.829,5.1,9.2,237,0,0,618.53
1591402440000,70.3,49.67,29.829,2.2,4.5,284,0,0,618.53
1591402740000,69.3,49.31,29.829,3.4,4.5,280,0,0,615.11
1591403340000,68.2,48.84,29.826,2.5,3.4,38,0,0,545.62
1591403940000,66.9,49.2,29.82,2.9,3.4,276,0,0,457.66
1591404840000,65.8,49.66,29.823,3.6,4.5,70,0,0,327.86
1591405140000,66.2,49.55,29.82,2.2,2.2,257,0,0,339.61
1591405440000,65.7,49.57,29.817,3.6,8.1,250,0,0,289.69
1591405740000,65.5,49.86,29.832,4.5,8.1,357,0,0,252.87
1591406040000,64.8,49.2,29.829,2.9,4.5,249,0,0,232.93
1591406640000,64.6,49.48,29.832,0.9,1.1,6,0,0,217.27
1591406940000,64.6,49.94,29.835,1.3,2.2,29,0,0,217.27
1591407240000,63.9,49.29,29.835,2.9,5.8,356,0,0,219.47
1591407540000,64.2,49.57,29.838,3.4,5.8,51,0,0,202.1
1591407840000,63.7,49.55,29.841,0.9,1.1,109,0,0,189.13
1591408140000,63.7,49.55,29.85,2.5,3.4,167,0,0,171.27
1591408440000,63.3,49.62,29.844,2.7,6.9,242,0,0,163.93
1591408740000,63,49.77,29.844,2.7,3.4,213,0,0,147.41
1591409040000,63.1,49.43,29.85,2.7,4.5,90,0,0,134.81
1591409940000,61.5,49.62,29.862,4.5,8.1,179,0,0,55.41
1591410240000,61.3,49.43,29.856,6,8.1,271,0,0,79.27
1591410840000,61.2,49.75,29.859,1.6,2.2,0,0,0,55.9
1591411140000,60.6,49.58,29.859,5.6,8.1,228,0,0,36.33
1591411440000,59.7,49.12,29.864,1.8,3.4,90,0,0,32.9
1591411740000,59.5,48.93,29.873,1.1,2.2,46,0,0,29.85
1591412040000,59.4,49.22,29.867,1.8,3.4,113,0,0,25.56
1591412940000,58.5,48.75,29.87,0.9,1.1,105,0,0,14.31
1591413240000,58.3,48.94,29.862,1.8,2.2,232,0,0,8.56
1591413540000,58.3,48.94,29.864,2.5,4.5,40,0,0,6.48
1591413840000,58.1,49.12,29.864,2.7,4.5,22,0,0,3.79
1591414140000,57.9,48.93,29.87,1.3,2.2,4,0,0,1.22
1591414440000,57.7,49.1,29.87,1.6,2.2,175,0,0,0
1591414740000,57.7,49.1,29.876,2.9,4.5,359,0,0,0
1591415040000,57.7,48.74,29.87,1.8,2.2,265,0,0,0
1591416240000,57.2,48.62,29.87,2.2,3.4,200,0,0,0
1591416540000,57.2,48.62,29.876,3.4,4.5,240,0,0,0
1591417140000,57,48.06,29.882,0.7,2.2,8,0,0,0
1591417440000,57,48.43,29.882,1.3,2.2,34,0,0,0
1591417740000,57,48.43,29.885,0.2,1.1,64,0,0,0
1591418040000,56.7,48.14,29.885,1.3,3.4,82,0,0,0
1591418340000,56.7,48.14,29.888,0.2,1.1,50,0,0,0
1591418640000,56.5,47.58,29.888,2.2,4.5,38,0,0,0
1591418940000,56.7,48.14,29.891,1.3,2.2,106,0,0,0
1591420140000,56.3,47.76,29.891,0,0,70,0,0,0
1591420740000,56.3,47.76,29.903,0,0,52,0,0,0
1591421040000,56.3,47.76,29.9,0,0,57,0,0,0
1591421340000,56.1,47.93,29.894,0,0,63,0,0,0
1591421640000,56.1,47.56,29.891,3.4,4.5,20,0,0,0
1591422240000,56.3,48.12,29.897,0.9,1.1,64,0,0,0
1591422840000,56.3,48.12,29.897,0.7,1.1,62,0,0,0
1591423140000,56.3,48.12,29.903,1.1,2.2,186,0,0,0
1591423740000,56.1,48.28,29.9,1.8,2.2,78,0,0,0
1591424040000,56.3,48.48,29.897,0.2,1.1,78,0,0,0
1591425540000,56.3,48.48,29.9,1.1,1.1,40,0,0,0
1591425840000,56.3,48.83,29.9,0.9,1.1,48,0,0,0
1591426740000,56.3,48.83,29.891,0,0,84,0,0,0
1591427040000,56.3,48.83,29.891,0.4,1.1,54,0,0,0
1591427640000,56.3,48.48,29.888,0.4,1.1,68,0,0,0
1591428240000,55.9,48.45,29.888,0.4,1.1,55,0,0,0
1591428540000,55.8,48.35,29.888,0,0,55,0,0,0
1591428840000,55.6,48.15,29.888,0,0,62,0,0,0
1591429140000,55.9,48.45,29.885,0.2,1.1,60,0,0,0
1591430040000,55.8,48.35,29.888,0,0,52,0,0,0
1591430640000,55.9,48.09,29.888,0,0,58,0,0,0
1591432140000,55.6,48.5,29.876,0,0,58,0,0,0
1591432740000,55.8,48.7,29.879,0,0,53,0,0,0
1591433040000,55.6,48.5,29.873,0.2,1.1,56,0,0,0
1591433640000,55.6,48.5,29.867,0.2,1.1,62,0,0,0
1591433940000,55.6,48.5,29.873,0.9,1.1,50,0,0,0
1591434240000,55.8,48.7,29.867,0,0,56,0,0,0
1591434540000,55.6,48.5,29.87,0.2,1.1,60,0,0,0
1591434840000,55.8,48.7,29.87,2.2,2.2,37,0,0,0
1591435140000,55.6,48.5,29.873,2,2.2,16,0,0,0
1591435440000,55.8,48.35,29.873,0.7,1.1,53,0,0,0
1591436340000,55.9,48.45,29.867,0.7,1.1,52,0,0,0
1591437240000,55.9,48.45,29.873,0,0,59,0,0,0
1591437540000,55.9,48.45,29.879,1.6,3.4,39,0,0,0
1591437840000,55.9,48.45,29.876,0.9,1.1,93,0,0,0
1591438740000,55.8,48.35,29.876,0.9,1.1,43,0,0,0
1591439040000,55.8,48.35,29.873,1.8,2.2,332,0,0,0
1591439340000,55.8,48.35,29.87,0,0,53,0,0,0
1591439640000,55.8,48.35,29.876,0.7,1.1,53,0,0,0
1591439940000,55.6,48.5,29.873,3.1,3.4,267,0,0,0
1591440240000,55.6,48.5,29.879,0.9,1.1,23,0,0,0
1591440540000,55.4,48.31,29.876,2,2.2,43,0,0,0
1591441440000,55.6,48.5,29.867,0,0,55,0,0,0
1591441740000,55.4,48.31,29.876,0.9,1.1,48,0,0,0
1591442340000,55.4,48.31,29.879,0.7,1.1,68,0,0,0
1591442940000,55.4,48.66,29.882,0,0,54,0,0,0
1591443240000,55.2,48.46,29.882,0.2,1.1,55,0,0,0
1591443840000,55.2,48.46,29.879,0,0,55,0,0,0
1591444440000,54.5,48.46,29.879,0,0,56,0,0,0
1591445340000,54.1,48.4,29.882,0,0,57,0,0,0
1591445640000,54,48.3,29.885,0,0,56,0,0,0
1591445940000,54.3,48.59,29.888,0,0,56,0,0,0
1591446540000,54.7,48.65,29.882,0,0,56,0,0,0
1591446840000,55,48.27,29.885,0,0,80,0,0,0
1591447140000,55,48.61,29.891,0,0,78,0,0,0
1591448040000,55.4,48.66,29.9,0,0,55,0,0,1.22
1591448340000,55.6,48.85,29.903,0,0,55,0,0,2.94
1591448640000,55.4,48.66,29.903,0.4,1.1,54,0,0,5.63
1591448940000,55.4,48.66,29.9,0,0,54,0,0,8.19
1591449540000,55.4,49,29.906,0,0,54,0,0,16.88
1591449840000,55.6,48.85,29.897,0,0,54,0,0,23.36
1591450140000,55.8,49.04,29.903,0,0,54,0,0,26.79
1591450440000,55.8,49.04,29.903,0,0,54,0,0,28.14
1591450740000,55.9,49.14,29.909,0.2,1.1,52,0,0,32.42
1591451340000,56.3,49.18,29.912,0,0,52,0,0,51.5
1591451940000,56.7,49.22,29.915,0,0,52,0,0,71.93
1591453140000,58.1,48.74,29.918,0,0,49,0,0,68.87
1591453440000,57.9,48.17,29.912,0,0,78,0,0,55.41
1591453740000,57.9,48.17,29.915,0,0,85,0,0,48.93
1591454040000,57.9,47.79,29.926,0,0,84,0,0,109.24
1591454640000,62.4,49.21,29.926,0,0,85,0,0,89.79
1591455540000,62.2,48.14,29.926,0.9,1.1,57,0,0,203.81
1591455840000,63.5,49.36,29.926,0,0,76,0,0,209.93
1591456440000,64.4,49.3,29.938,1.1,1.1,59,0,0,237.7
1591456740000,63.9,48.83,29.938,1.6,2.2,10,0,0,257.15
1591457640000,64.2,48.17,29.944,0.7,1.1,86,0,0,318.32
1591457940000,65.7,49.57,29.938,0.7,1.1,58,0,0,346.95
1591458540000,65.7,49.57,29.944,0.4,2.2,54,0,0,380.83
1591458840000,65.7,49.08,29.944,2,2.2,31,0,0,381.69
1591459140000,65.8,49.18,29.944,0.9,1.1,85,0,0,418.51
1591459440000,66.4,49.24,29.947,0.9,1.1,87,0,0,458.03
1591459740000,65.3,49.19,29.947,1.8,2.2,90,0,0,453.74
1591460340000,64.9,49.3,29.947,2,2.2,60,0,0,467.57
1591460640000,65.5,49.38,29.947,0.7,1.1,70,0,0,514.91
1591460940000,67.8,50.04,29.953,0,0,62,0,0,535.22
1591461240000,67.8,49.52,29.953,2.5,3.4,24,0,0,595.53
1591461540000,67.6,49.34,29.953,0.9,1.1,55,0,0,562.62
1591461840000,68.5,49.65,29.947,2.5,3.4,56,0,0,585.13
1591463040000,68.4,50.08,29.944,1.1,1.1,92,0,0,667.96
1591463340000,67.8,48.47,29.953,2.9,3.4,45,0,0,686.18
1591463640000,68.2,49.37,29.947,2.7,4.5,105,0,0,701.48
1591463940000,68,49.19,29.95,2.5,3.4,59,0,0,676.64
1591464240000,70.2,49.01,29.956,1.3,2.2,350,0,0,692.79
1591464540000,69.3,49.31,29.953,2.2,2.2,66,0,0,652.79
1591465140000,69.6,49.03,29.956,1.3,2.2,57,0,0,730.47
1591465440000,69.4,47.71,29.953,3.1,4.5,250,0,0,546.96
1591465740000,69.1,48.01,29.959,4.5,6.9,23,0,0,722.27
1591466040000,69.4,48.29,29.959,2,3.4,62,0,0,739.64
1591466640000,68.5,49.12,29.962,4.5,6.9,31,0,0,683.61
1591466940000,69.6,49.58,29.965,2.2,4.5,76,0,0,550.02
1591467240000,70,48.83,29.965,2.7,5.8,41,0,0,458.52
1591467840000,69.4,49.4,29.971,3.4,4.5,39,0,0,600.3
1591468440000,70.3,48.53,29.968,4.9,6.9,65,0,0,579.5
1591468740000,70.7,48.89,29.968,3.1,4.5,357,0,0,864.92
1591469040000,71.2,48.76,29.965,1.3,2.2,27,0,0,579.99
1591469340000,71.6,49.71,29.968,6.3,8.1,30,0,0,327
1591469640000,71.1,49.26,29.968,2.2,3.4,36,0,0,293.61
1591470840000,72.1,47.09,29.974,1.3,2.2,58,0,0,827.24
1591471140000,72.9,46.48,29.968,3.8,4.5,273,0,0,846.69
1591471440000,73.8,45.88,29.971,2.7,4.5,64,0,0,882.29
1591471740000,73.6,47.1,29.974,2.9,4.5,29,0,0,850.6
1591472040000,72.7,45.61,29.974,2.9,3.4,233,0,0,861.12
1591472340000,72.3,45.94,29.974,5.8,9.2,301,0,0,841.06
1591472640000,72.5,46.12,29.971,3.8,4.5,202,0,0,817.21
1591472940000,71.2,44.96,29.971,4.9,6.9,248,0,0,815.49
1591473840000,73,45.88,29.974,1.3,2.2,338,0,0,844.12
1591474440000,73.6,44.99,29.974,5.6,8.1,292,0,0,867.97
1591474740000,72.5,45.44,29.977,2.2,3.4,247,0,0,851.46
1591475040000,72,45.68,29.983,5.4,6.9,15,0,0,855
1591475340000,72,46.34,29.977,2.9,3.4,236,0,0,867.61
1591475640000,71.8,46.17,29.98,4.9,6.9,34,0,0,869.68
1591476240000,72.7,47.63,29.983,5.1,8.1,24,0,0,832.87
1591477140000,73.4,47.6,29.983,4.9,5.8,220,0,0,914.46
1591477740000,71.4,46.46,29.986,2.9,4.5,59,0,0,962.17
1591478340000,72.7,46.97,29.986,5.8,6.9,329,0,0,887.06
1591479840000,72,48.27,29.986,3.8,5.8,53,0,0,949.08
1591480140000,72,47.64,29.991,4.9,6.9,274,0,0,991.66
1591480440000,70.9,48.49,29.991,2.2,3.4,240,0,0,230.73
1591480740000,70.9,46.01,29.988,5.4,8.1,276,0,0,917.03
1591481040000,72.1,46.43,29.997,2.5,3.4,299,0,0,877.51
1591481940000,72.5,46.79,30.006,4.3,6.9,307,0,0,901.86
1591482240000,71.1,46.83,30.003,2.2,2.2,46,0,0,903.58
1591482540000,71.2,46.92,30.003,4.9,8.1,52,0,0,863.69
1591482840000,70.3,47.34,30.009,5.4,11.4,249,0,0,855
1591483140000,71.4,48.34,30.006,1.6,2.2,61,0,0,866.26
1591483440000,71.6,49.12,30.003,4.5,8.1,207,0,0,916.54
1591484340000,71.1,48.67,29.997,2.9,3.4,256,0,0,897.95
1591484940000,69.6,47.89,30.009,4.9,9.2,269,0,0,869.68
1591485540000,70.3,49.11,30.015,4.3,5.8,32,0,0,844.12
1591485840000,70.7,49.47,30.012,0.7,1.1,58,0,0,840.21
1591487640000,69.1,49.13,30.006,2.2,3.4,86,0,0,738.3
1591487940000,70,49.4,30.009,3.1,4.5,222,0,0,688.87
1591488540000,68.9,48.39,30.009,4.3,5.8,32,0,0,620.73
1591488840000,68.7,48.21,30.012,1.8,2.2,30,0,0,619.02
1591489140000,69.3,48.19,30.009,4,6.9,45,0,0,612.53
1591489440000,69.1,48.01,30.009,2.9,3.4,251,0,0,575.59
1591489740000,68.2,47.75,30.003,3.4,4.5,261,0,0,554.3
1591489980000,68.4,47.93,30.009,2.2,3.4,42,0,0,490.57
1591491240000,68.4,47.93,30.009,1.6,2.2,35,0,0,333.49
1591491540000,68.2,48.3,30.012,2.2,3.4,342,0,0,345.23
1591491840000,67.8,47.93,30.006,6,8.1,311,0,0,332.63
1591492140000,67.3,48.01,30.006,2.5,3.4,357,0,0,300.58
1591492440000,66.7,48.51,30.012,3.8,5.8,22,0,0,287.61
1591493040000,67.1,47.83,30.009,0.7,1.1,354,0,0,252.38
1591493940000,66.2,48.56,30.006,2.2,3.4,345,0,0,201.24
1591494540000,65.3,47.72,30.012,1.1,2.2,124,0,0,170.41
1591495140000,65.8,48.69,30.012,5.8,9.2,249,0,0,143.13
1591495440000,64.2,47.69,30.015,2.2,3.4,282,0,0,131.88
1591495740000,63.5,47.52,30.018,6.9,9.2,256,0,0,107.53
1591496040000,63.1,47.62,30.021,5.1,5.8,282,0,0,88.45
1591496640000,62.2,47.24,30.021,3.4,6.9,336,0,0,76.7
1591497240000,61.7,47.22,30.033,8.3,14.8,284,0,0,56.76
1591497540000,61.5,47.48,30.03,8.5,11.4,273,0,0,44.16
1591498140000,60.1,47.04,30.033,1.8,3.4,287,0,0,25.07
1591499040000,59.5,46.89,30.033,3.6,5.8,248,0,0,15.53
1591499640000,59.2,47.03,30.033,2.5,4.5,17,0,0,8.56
1591499940000,59,46.84,30.045,0.7,1.1,60,0,0,5.99
1591500240000,58.8,46.65,30.039,4,6.9,281,0,0,3.79
1591500540000,58.6,46.46,30.048,3.1,4.5,260,0,0,0.85
1591501440000,58.1,45.99,30.048,1.3,2.2,7,0,0,0
1591502340000,57.7,46.02,30.045,2.2,3.4,22,0,0,0
1591502640000,57.7,46.42,30.048,0.4,1.1,53,0,0,0
1591502940000,57.4,46.13,30.05,0.7,1.1,58,0,0,0
1591503240000,57.2,45.94,30.053,2.5,3.4,257,0,0,0
1591503540000,57.4,46.53,30.042,0.9,1.1,50,0,0,0
1591503840000,57.2,46.34,30.053,0,0,62,0,0,0
1591504140000,56.8,46.35,30.056,1.1,1.1,45,0,0,0
1591504440000,56.7,46.64,30.056,1.1,2.2,58,0,0,0
1591504740000,56.7,46.64,30.062,0.9,1.1,59,0,0,0
1591505040000,56.7,46.64,30.062,0.9,1.1,49,0,0,0
1591505640000,56.3,47.02,30.062,2.2,3.4,301,0,0,0
1591505940000,56.3,47.39,30.068,2.9,3.4,225,0,0,0
1591506540000,56.1,47.56,30.062,1.8,2.2,347,0,0,0
1591507440000,56.1,47.56,30.071,0,0,64,0,0,0
1591507740000,56.1,47.56,30.065,1.6,2.2,50,0,0,0
1591508640000,56.1,47.56,30.074,1.1,2.2,318,0,0,0
1591508940000,56.1,47.56,30.074,0,0,68,0,0,0
1591509240000,55.9,47.37,30.074,0.2,1.1,54,0,0,0
1591509540000,55.9,47.37,30.08,1.3,2.2,254,0,0,0
1591509840000,55.8,47.28,30.068,0,0,67,0,0,0
1591510140000,55.8,47.28,30.068,0.4,1.1,54,0,0,0
1591510440000,55.6,47.44,30.065,1.3,2.2,35,0,0,0
1591510740000,55.8,47.28,30.074,1.1,1.1,44,0,0,0
1591511040000,55.8,47.64,30.071,2.9,3.4,252,0,0,0
1591511340000,55.6,47.44,30.068,0.9,1.1,269,0,0,0
1591511940000,55.6,47.44,30.077,0.9,1.1,44,0,0,0
1591512240000,55.4,47.25,30.065,1.8,2.2,349,0,0,0
1591513140000,55.2,47.42,30.068,1.6,2.2,352,0,0,0
1591513440000,55.2,47.06,30.068,1.3,2.2,19,0,0,0
1591513740000,55.2,47.06,30.065,4.5,6.9,265,0,0,0
1591514640000,54.7,46.93,30.065,4.5,8.1,336,0,0,0
1591514940000,54.7,46.93,30.062,0.4,1.1,49,0,0,0
1591515240000,54.5,46.74,30.068,0.4,1.1,50,0,0,0
1591515540000,54.7,46.58,30.062,0.2,1.1,0,0,0,0
1591516140000,54.3,46.55,30.065,0.9,1.1,70,0,0,0
1591516740000,54.1,46,30.068,0.7,1.1,82,0,0,0
